Name,Position,Country,DOB,Team
Cristiano Ronaldo,Centre-Forward,Portugal,"Feb 5, 1985",First Team
Raphaël Varane,Centre-Back,France,"Apr 25, 1993",First Team
Paul Pogba,Central Midfield,France,"Mar 15, 1993",First Team/Reserves Team/Youth Teams
Jadon Sancho,Left Winger,England,"Mar 25, 2000",First Team
Gerard Piqué,Centre-Back,Spain,"Feb 2, 1987",First Team
Casemiro,Defensive Midfield,Brazil,"Feb 23, 1992",First Team
David Beckham,Central Midfield,England,"May 2, 1975",First Team/Youth Teams
Ángel Di María,Right Winger,Argentina,"Feb 14, 1988",First Team
Juan Mata,Attacking Midfield,Spain,"Apr 28, 1988",First Team
Christian Eriksen,Central Midfield,Denmark,"Feb 14, 1992",First Team
Romelu Lukaku,Centre-Forward,Belgium,"May 13, 1993",First Team
Marcus Rashford,Left Winger,England,"Oct 31, 1997",First Team/Reserves Team/Youth Teams
Lisandro Martínez,Centre-Back,Argentina,"Jan 18, 1998",First Team
Bruno Fernandes,Attacking Midfield,Portugal,"Sep 8, 1994",First Team
Mason Mount,Attacking Midfield,England,"Jan 10, 1999",First Team
Wayne Rooney,Centre-Forward,England,"Oct 24, 1985",First Team/Reserves Team
David de Gea,Goalkeeper,Spain,"Nov 7, 1990",First Team
Bastian Schweinsteiger,Central Midfield,Germany,"Aug 1, 1984",First Team
Víctor Valdés,Goalkeeper,Spain,"Jan 14, 1982",First Team/Reserves Team
Radamel Falcao,Centre-Forward,Colombia,"Feb 10, 1986",First Team/Reserves Team
Anthony Martial,Centre-Forward,France,"Dec 5, 1995",First Team
Matthijs de Ligt,Centre-Back,Netherlands,"Aug 12, 1999",First Team
Antony,Right Winger,Brazil,"Feb 24, 2000",First Team
Zlatan Ibrahimović,Centre-Forward,Sweden,"Oct 3, 1981",First Team
Alexis Sánchez,Centre-Forward,Chile,"Dec 19, 1988",First Team
Harry Maguire,Centre-Back,England,"Mar 5, 1993",First Team
Carlos Tevez,Centre-Forward,Argentina,"Feb 5, 1984",First Team
Memphis Depay,Centre-Forward,Netherlands,"Feb 13, 1994",First Team/Reserves Team
Ryan Giggs,Left Midfield,Wales,"Nov 29, 1973",First Team/Youth Teams
Joshua Zirkzee,Centre-Forward,Netherlands,"May 22, 2001",First Team
Rasmus Højlund,Centre-Forward,Denmark,"Feb 4, 2003",First Team
Edinson Cavani,Centre-Forward,Uruguay,"Feb 14, 1987",First Team
Nani,Left Winger,Portugal,"Nov 17, 1986",First Team
Paul Scholes,Central Midfield,England,"Nov 16, 1974",First Team/Reserves Team/Youth Teams
Manuel Ugarte,Defensive Midfield,Uruguay,"Apr 11, 2001",First Team
Robin van Persie,Centre-Forward,Netherlands,"Aug 6, 1983",First Team/Reserves Team
Alex Telles,Left-Back,Brazil,"Dec 15, 1992",First Team
Owen Hargreaves,Defensive Midfield,England,"Jan 20, 1981",First Team/Reserves Team
Nemanja Vidic,Centre-Back,Serbia,"Oct 21, 1981",First Team
Wilfried Zaha,Left Winger,Cote d'Ivoire,"Nov 10, 1992",First Team/Reserves Team
Donny van de Beek,Central Midfield,Netherlands,"Apr 18, 1997",First Team
Kobbie Mainoo,Central Midfield,England,"Apr 19, 2005",First Team/Reserves Team/Youth Teams
Leny Yoro,Centre-Back,France,"Nov 13, 2005",First Team
Henrikh Mkhitaryan,Central Midfield,Armenia,"Jan 21, 1989",First Team
Luke Shaw,Left-Back,England,"Jul 12, 1995",First Team/Reserves Team
Rio Ferdinand,Centre-Back,England,"Nov 7, 1978",First Team
Fabien Barthez,Goalkeeper,France,"Jun 28, 1971",First Team
Jesse Lingard,Attacking Midfield,England,"Dec 15, 1992",First Team/Reserves Team/Youth Teams
Fred,Central Midfield,Brazil,"Mar 5, 1993",First Team
Michael Carrick,Defensive Midfield,England,"Jul 28, 1981",First Team/Reserves Team
Kléberson,Central Midfield,Brazil,"Jun 19, 1979",First Team
Alejandro Garnacho,Attacking Midfield,Argentina,"Jul 1, 2004",First Team/Reserves Team/Youth Teams
Mason Greenwood,Right Winger,England,"Oct 1, 2001",First Team/Reserves Team/Youth Teams
Anderson,Central Midfield,Brazil,"Apr 13, 1988",First Team/Reserves Team
Ron-Robert Zieler,Goalkeeper,Germany,"Feb 12, 1989",First Team/Reserves Team/Youth Teams
Roy Keane,Defensive Midfield,Ireland,"Aug 10, 1971",First Team
Patrice Evra,Left-Back,France,"May 15, 1981",First Team
Arnold Mühren,Left Midfield,Netherlands,"Jun 2, 1951",First Team
Eric Bailly,Centre-Back,Cote d'Ivoire,"Apr 12, 1994",First Team/Reserves Team
André Onana,Goalkeeper,Cameroon,"Apr 2, 1996",First Team
Marcel Sabitzer,Central Midfield,Austria,"Mar 17, 1994",First Team
Edwin van der Sar,Goalkeeper,Netherlands,"Oct 29, 1970",First Team/Reserves Team
Laurent Blanc,Centre-Back,France,"Nov 19, 1965",First Team
Ander Herrera,Central Midfield,Spain,"Aug 14, 1989",First Team
Ruud van Nistelrooy,Centre-Forward,Netherlands,"Jul 1, 1976",First Team
Diego Forlán,Centre-Forward,Uruguay,"May 19, 1979",First Team
Daley Blind,Centre-Back,Netherlands,"Mar 9, 1990",First Team
Morgan Schneiderlin,Defensive Midfield,France,"Nov 8, 1989",First Team
Michael Owen,Centre-Forward,England,"Dec 14, 1979",First Team
Nemanja Matic,Defensive Midfield,Serbia,"Aug 1, 1988",First Team
Marouane Fellaini,Central Midfield,Belgium,"Nov 22, 1987",First Team/Reserves Team
John Connelly,Right Winger,England,"Jul 18, 1938",First Team
Diogo Dalot,Right-Back,Portugal,"Mar 18, 1999",First Team/Reserves Team
Scott McTominay,Central Midfield,Scotland,"Dec 8, 1996",First Team/Reserves Team/Youth Teams
Aaron Wan-Bissaka,Right-Back,DR Congo,"Nov 26, 1997",First Team
Amad Diallo,Right Winger,Cote d'Ivoire,"Jul 11, 2002",First Team/Reserves Team
Antonio Valencia,Right-Back,Ecuador,"Aug 4, 1985",First Team/Reserves Team
Sergio Reguilón,Left-Back,Spain,"Dec 16, 1996",First Team
Ashley Young,Right-Back,England,"Jul 9, 1985",First Team/Reserves Team
Darren Fletcher,Central Midfield,Scotland,"Feb 1, 1984",First Team/Reserves Team/Youth Teams
Gary Neville,Right-Back,England,"Feb 18, 1975",First Team/Reserves Team/Youth Teams
Chicharito,Centre-Forward,Mexico,"Jun 1, 1988",First Team
Wes Brown,Centre-Back,England,"Oct 13, 1979",First Team/Reserves Team/Youth Teams
Marcos Rojo,Centre-Back,Argentina,"Mar 20, 1990",First Team/Reserves Team
Victor Lindelöf,Centre-Back,Sweden,"Jul 17, 1994",First Team
Sir Bobby Charlton,Attacking Midfield,England,"Oct 11, 1937",First Team/Youth Teams
Dimitar Berbatov,Centre-Forward,Bulgaria,"Jan 30, 1981",First Team
Nobby Stiles,Defensive Midfield,England,"May 15, 1942",First Team/Youth Teams
Anthony Elanga,Right Winger,Sweden,"Apr 27, 2002",First Team/Reserves Team/Youth Teams
Juan Sebastián Verón,Central Midfield,Argentina,"Mar 9, 1975",First Team
Peter Schmeichel,Goalkeeper,Denmark,"Nov 18, 1963",First Team
Danny Welbeck,Centre-Forward,England,"Nov 26, 1990",First Team/Reserves Team/Youth Teams
Louis Saha,Centre-Forward,France,"Aug 8, 1978",First Team
Noussair Mazraoui,Right-Back,Morocco,"Nov 14, 1997",First Team
Chris Smalling,Centre-Back,England,"Nov 22, 1989",First Team/Reserves Team
Nicky Butt,Defensive Midfield,England,"Jan 21, 1975",First Team/Youth Teams
Phil Jones,Centre-Back,England,"Feb 21, 1992",First Team/Reserves Team
Jonny Evans,Centre-Back,Northern Ireland,"Jan 3, 1988",First Team/Reserves Team/Youth Teams
Ji-sung Park,Attacking Midfield,"Korea, South","Feb 25, 1981",First Team
Henrik Larsson,Centre-Forward,Sweden,"Sep 20, 1971",First Team
Wout Weghorst,Centre-Forward,Netherlands,"Aug 7, 1992",First Team
Sofyan Amrabat,Defensive Midfield,Morocco,"Aug 21, 1996",First Team
Giuseppe Rossi,Centre-Forward,Italy,"Feb 1, 1987",First Team/Youth Teams
Michael Keane,Centre-Back,England,"Jan 11, 1993",First Team/Reserves Team/Youth Teams
Andreas Pereira,Attacking Midfield,Brazil,"Jan 1, 1996",First Team/Reserves Team/Youth Teams
Jaap Stam,Centre-Back,Netherlands,"Jul 17, 1972",First Team
Denis Irwin,Left-Back,Ireland,"Oct 31, 1965",First Team
Angel Gomes,Attacking Midfield,England,"Aug 31, 2000",First Team/Reserves Team/Youth Teams
Álvaro Carreras,Left-Back,Spain,"Mar 23, 2003",First Team/Reserves Team/Youth Teams
Jack Harrison,Right Winger,England,"Nov 20, 1996",Youth Teams
Daniel James,Right Winger,Wales,"Nov 10, 1997",First Team
Matteo Darmian,Right-Back,Italy,"Dec 2, 1989",First Team
Phil Neville,Right-Back,England,"Jan 21, 1977",First Team/Youth Teams
Mikaël Silvestre,Left-Back,France,"Aug 9, 1977",First Team
Rafael,Right-Back,Brazil,"Jul 9, 1990",First Team/Reserves Team/Youth Teams
Andy Cole,Centre-Forward,England,"Oct 15, 1971",First Team
Dwight McNeil,Left Winger,England,"Nov 22, 1999",Youth Teams
Patrick Dorgu,Left Midfield,Denmark,"Oct 26, 2004",First Team
John O'Shea,Centre-Back,Ireland,"Apr 30, 1981",First Team/Reserves Team
Ole Gunnar Solskjær,Centre-Forward,Norway,"Feb 26, 1973",First Team
Sam Johnstone,Goalkeeper,England,"Mar 25, 1993",First Team/Reserves Team/Youth Teams
Shinji Kagawa,Attacking Midfield,Japan,"Mar 17, 1989",First Team
Dwight Yorke,Centre-Forward,Trinidad and Tobago,"Nov 3, 1971",First Team
Viv Anderson,Right-Back,England,"Jul 29, 1956",First Team
Garry Birtles,Centre-Forward,England,"Jul 27, 1956",First Team
Tyrell Malacia,Left-Back,Netherlands,"Aug 17, 1999",First Team/Reserves Team
Jack Butland,Goalkeeper,England,"Mar 10, 1993",First Team
Dean Henderson,Goalkeeper,England,"Mar 12, 1997",First Team/Reserves Team/Youth Teams
James Garner,Defensive Midfield,England,"Mar 13, 2001",First Team/Reserves Team/Youth Teams
Chris Eagles,Right Winger,England,"Nov 19, 1985",First Team/Youth Teams
Danny Simpson,Right-Back,England,"Jan 4, 1987",First Team/Reserves Team/Youth Teams
Tomasz Kuszczak,Goalkeeper,Poland,"Mar 20, 1982",First Team/Reserves Team
Danny Drinkwater,Central Midfield,England,"Mar 5, 1990",First Team/Reserves Team/Youth Teams
Jonathan Greening,Central Midfield,England,"Jan 2, 1979",First Team
Joshua King,Centre-Forward,Norway,"Jan 15, 1992",First Team/Reserves Team/Youth Teams
Jesper Blomqvist,Left Midfield,Sweden,"Feb 5, 1974",First Team
John Sivebaek,Right-Back,Denmark,"Oct 25, 1961",First Team
Sergio Romero,Goalkeeper,Argentina,"Feb 22, 1987",First Team/Reserves Team
Timothy Fosu-Mensah,Right-Back,Netherlands,"Jan 2, 1998",First Team/Reserves Team/Youth Teams
Henning Berg,Right-Back,Norway,"Sep 1, 1969",First Team
Teddy Sheringham,Centre-Forward,England,"Apr 2, 1966",First Team
Jovan Kirovski,Right Winger,United States,"Mar 18, 1976",Reserves Team/Youth Teams
Mark Hughes,Second Striker,Wales,"Nov 1, 1963",First Team/Reserves Team
Gabriel Heinze,Centre-Back,Argentina,"Apr 19, 1978",First Team
Josh Brownhill,Central Midfield,England,"Dec 19, 1995",Youth Teams
Alan Brazil,Centre-Forward,Scotland,"Jun 15, 1959",First Team
Ronny Johnsen,Centre-Back,Norway,"Jun 10, 1969",First Team
Jordi Cruyff,Attacking Midfield,Netherlands,"Feb 9, 1974",First Team
Mark Wilson,Central Midfield,England,"Feb 9, 1979",First Team/Youth Teams
Pierluigi Gollini,Goalkeeper,Italy,"Mar 18, 1995",Reserves Team/Youth Teams
David May,Centre-Back,England,"Jun 24, 1970",First Team
Bill Foulkes,Centre-Back,England,"Jan 5, 1932",First Team/Youth Teams
Fangzhuo Dong,Centre-Forward,China,"Jan 23, 1985",First Team
Altay Bayındır,Goalkeeper,Türkiye,"Apr 14, 1998",First Team
Ben Brereton Díaz,Centre-Forward,Chile,"Apr 18, 1999",Youth Teams
Raimond van der Gouw,Goalkeeper,Netherlands,"Mar 24, 1963",First Team
John Curtis,Right-Back,England,"Sep 3, 1978",First Team/Youth Teams
Denis Law,Centre-Forward,Scotland,"Feb 24, 1940",First Team
Tony Dunne,Left-Back,Ireland,"Jul 24, 1941",First Team
George Best,Right Winger,Northern Ireland,"May 22, 1946",First Team/Youth Teams
Pat Crerand,Central Midfield,Scotland,"Feb 19, 1939",First Team
Shay Brennan,Right-Back,Ireland,"May 6, 1937",First Team/Reserves Team/Youth Teams
David Herd,Centre-Forward,Scotland,"Apr 15, 1934",First Team
Adnan Januzaj,Right Winger,Belgium,"Feb 5, 1995",First Team/Reserves Team/Youth Teams
Sam Hewson,Central Midfield,England,"Nov 28, 1988",First Team/Reserves Team/Youth Teams
Cameron Borthwick-Jackson,Left-Back,England,"Feb 2, 1997",First Team/Reserves Team/Youth Teams
Kieran Lee,Defensive Midfield,England,"Jun 22, 1988",First Team/Reserves Team/Youth Teams
Richard Eckersley,Right-Back,England,"Mar 12, 1989",First Team/Reserves Team/Youth Teams
Febian Brandy,Right Winger,St. Kitts & Nevis,"Feb 4, 1989",First Team/Reserves Team/Youth Teams
Alex Stepney,Goalkeeper,England,"Sep 18, 1942",First Team
David Sadler,Centre-Back,England,"Feb 5, 1946",First Team
Brian Kidd,Centre-Forward,England,"May 29, 1949",First Team/Reserves Team/Youth Teams
John Aston,Left Winger,England,"Jul 28, 1947",First Team/Reserves Team/Youth Teams
Francis Burns,Left-Back,Scotland,"Oct 17, 1948",First Team/Youth Teams
John Fitzpatrick,Left-Back,Scotland,"Aug 18, 1946",First Team/Youth Teams
Colin Gibson,Left-Back,England,"Apr 6, 1960",First Team
Jimmy Rimmer,Goalkeeper,England,"Feb 10, 1948",First Team/Reserves Team
Jimmy Ryan,Striker,Scotland,"May 12, 1945",First Team/Youth Teams
Brian McClair,Second Striker,Scotland,"Dec 8, 1963",First Team
Tom Cleverley,Central Midfield,England,"Aug 12, 1989",First Team/Reserves Team/Youth Teams
Gary Pallister,Centre-Back,England,"Jun 30, 1965",First Team
Paul Ince,Central Midfield,England,"Oct 21, 1967",First Team
Lee Sharpe,Left Midfield,England,"May 27, 1971",First Team
Zoran Tosic,Right Winger,Serbia,"Apr 28, 1987",First Team/Reserves Team
Steve Bruce,Centre-Back,England,"Dec 31, 1960",First Team
Guillermo Varela,Right-Back,Uruguay,"Mar 24, 1993",First Team/Reserves Team
Gordon Strachan,Right Midfield,Scotland,"Feb 9, 1957",First Team
Jeffrey Schlupp,Left Midfield,Ghana,"Dec 23, 1992",Reserves Team
Clayton Blackmore,Left-Back,Wales,"Sep 23, 1964",First Team/Youth Teams
Gary Walsh,Goalkeeper,England,"Mar 21, 1968",First Team/Reserves Team/Youth Teams
Bryan Robson,Central Midfield,England,"Jan 11, 1957",First Team
Mike Phelan,Defensive Midfield,England,"Sep 24, 1962",First Team
Jim Leighton,Goalkeeper,Scotland,"Jul 24, 1958",First Team
Odion Ighalo,Centre-Forward,Nigeria,"Jun 16, 1989",First Team
Vanja Milinković-Savić,Goalkeeper,Serbia,"Feb 20, 1997",First Team
Tom Huddlestone,Defensive Midfield,England,"Dec 28, 1986",Reserves Team
Lee Martin,Left-Back,England,"Feb 5, 1968",First Team/Youth Teams
David Platt,Attacking Midfield,England,"Jun 10, 1966",First Team/Youth Teams
Teden Mengi,Centre-Back,England,"Apr 30, 2002",First Team/Reserves Team/Youth Teams
Brandon Williams,Left-Back,England,"Sep 3, 2000",First Team/Reserves Team/Youth Teams
Hannibal,Attacking Midfield,Tunisia,"Jan 21, 2003",First Team/Reserves Team/Youth Teams
Mal Donaghy,Left-Back,Northern Ireland,"Sep 13, 1957",First Team
Neil Webb,Right Midfield,England,"Jul 30, 1963",First Team
Danny Wallace,Left Winger,England,"Jan 21, 1964",First Team
Les Sealey,Goalkeeper,England,"Sep 29, 1957",First Team
Russell Beardsmore,Central Midfield,England,"Sep 28, 1968",First Team/Youth Teams
Tommy Baldwin,Midfielder,England,"Jun 10, 1945",First Team
Mame Diouf,Centre-Forward,Senegal,"Dec 16, 1987",First Team/Reserves Team
Ryan Shawcross,Centre-Back,England,"Oct 4, 1987",First Team/Reserves Team/Youth Teams
Alan Smith,Central Midfield,England,"Oct 28, 1980",First Team
Tim Howard,Goalkeeper,United States,"Mar 6, 1979",First Team
Facundo Pellistri,Left Winger,Uruguay,"Dec 20, 2001",First Team/Reserves Team
Robbie Brady,Left Midfield,Ireland,"Jan 14, 1992",First Team/Reserves Team/Youth Teams
Largie Ramazani,Left Winger,Belgium,"Feb 27, 2001",First Team/Reserves Team/Youth Teams
Axel Tuanzebe,Right-Back,DR Congo,"Nov 14, 1997",First Team/Reserves Team/Youth Teams
Rodrigo Possebon,Central Midfield,Italy,"Feb 13, 1989",First Team/Reserves Team
Quinton Fortune,Left-Back,South Africa,"May 21, 1977",First Team
Danny Higginbotham,Centre-Back,Gibraltar,"Dec 29, 1978",First Team/Youth Teams
Oliver Norwood,Central Midfield,Northern Ireland,"Apr 12, 1991",Reserves Team/Youth Teams
Kieran Richardson,Left-Back,England,"Oct 21, 1984",First Team
Fábio,Right-Back,Brazil,"Jul 9, 1990",First Team/Reserves Team/Youth Teams
James Chester,Centre-Back,Wales,"Jan 23, 1989",First Team/Reserves Team/Youth Teams
Ethan Laird,Right-Back,England,"Aug 5, 2001",First Team/Reserves Team/Youth Teams
Martin Dúbravka,Goalkeeper,Slovakia,"Jan 15, 1989",First Team
Matej Kovar,Goalkeeper,Czech Republic,"May 17, 2000",First Team/Reserves Team/Youth Teams
Eric Djemba Djemba,Defensive Midfield,Cameroon,"May 4, 1981",First Team
David Bellion,Centre-Forward,France,"Nov 27, 1982",First Team
Tahith Chong,Right Winger,Netherlands,"Dec 4, 1999",First Team/Reserves Team/Youth Teams
Anders Lindegaard,Goalkeeper,Denmark,"Apr 13, 1984",First Team/Reserves Team
Mark Bosnich,Goalkeeper,Australia,"Jan 13, 1972",First Team/Reserves Team
Ángelo Henríquez,Centre-Forward,Chile,"Apr 13, 1994",First Team/Reserves Team
Massimo Taibi,Goalkeeper,Italy,"Feb 18, 1970",First Team
Phil Bardsley,Right-Back,Scotland,"Jun 28, 1985",First Team/Youth Teams
Alexander Büttner,Left-Back,Netherlands,"Feb 11, 1989",First Team/Reserves Team
Ben Foster,Goalkeeper,England,"Apr 3, 1983",First Team/Reserves Team
Tom Lawrence,Attacking Midfield,Wales,"Jan 13, 1994",First Team/Reserves Team/Youth Teams
Tom Heaton,Goalkeeper,England,"Apr 15, 1986",First Team/Reserves Team/Youth Teams
Paddy McNair,Centre-Back,Northern Ireland,"Apr 27, 1995",First Team/Reserves Team/Youth Teams
Ronnie Wallwork,Central Midfield,England,"Sep 10, 1977",First Team/Youth Teams
Robbie Savage,Defensive Midfield,Wales,"Oct 18, 1974",First Team/Youth Teams
Magnus Wolff Eikrem,Second Striker,Norway,"Aug 8, 1990",First Team/Reserves Team/Youth Teams
Marc Wilson,Centre-Back,Ireland,"Aug 17, 1987",Youth Teams
Craig Cathcart,Centre-Back,Northern Ireland,"Feb 6, 1989",First Team/Reserves Team/Youth Teams
Éric Cantona,Second Striker,France,"May 24, 1966",First Team
Willy Kambwala,Centre-Back,France,"Aug 25, 2004",First Team/Reserves Team/Youth Teams
Toby Collyer,Defensive Midfield,England,"Jan 3, 2004",First Team/Reserves Team/Youth Teams
Chido Obi,Centre-Forward,Denmark,"Nov 29, 2007",First Team/Reserves Team/Youth Teams
Nick Powell,Attacking Midfield,England,"Mar 23, 1994",First Team/Reserves Team
Anthony Pilkington,Left Winger,Ireland,"Jun 6, 1988",Youth Teams
Ashley Fletcher,Centre-Forward,England,"Oct 2, 1995",Reserves Team/Youth Teams
Ricardo,Goalkeeper,Spain,"Dec 30, 1971",First Team
Roy Carroll,Goalkeeper,Northern Ireland,"Sep 30, 1977",First Team
Jacob Butterfield,Central Midfield,England,"Jun 10, 1990",Youth Teams
Karel Poborský,Right Winger,Czech Republic,"Mar 30, 1972",First Team
Darron Gibson,Central Midfield,Ireland,"Oct 25, 1987",First Team/Reserves Team/Youth Teams
Fraizer Campbell,Centre-Forward,England,"Sep 13, 1987",First Team/Youth Teams
Saidy Janko,Right-Back,The Gambia,"Oct 22, 1995",First Team/Reserves Team/Youth Teams
Ravel Morrison,Attacking Midfield,Jamaica,"Feb 2, 1993",First Team/Reserves Team/Youth Teams
Gabriel Obertan,Right Winger,France,"Feb 26, 1989",First Team/Reserves Team
Shola Shoretire,Left Winger,England,"Feb 2, 2004",First Team/Reserves Team/Youth Teams
Jimmy Dunne,Centre-Back,Ireland,"Oct 19, 1997",Youth Teams
Michael Stewart,Central Midfield,Scotland,"Feb 26, 1981",First Team/Youth Teams
Joe Rothwell,Central Midfield,England,"Jan 11, 1995",First Team/Reserves Team/Youth Teams
David Healy,Centre-Forward,Northern Ireland,"Aug 5, 1979",First Team/Youth Teams
Diego León,Left-Back,Paraguay,"Apr 3, 2007",First Team
Paul McShane,Centre-Back,Ireland,"Jan 6, 1986",First Team/Reserves Team/Youth Teams
Federico Macheda,Centre-Forward,Italy,"Aug 22, 1991",First Team/Reserves Team/Youth Teams
Erik Nevland,Centre-Forward,Norway,"Nov 10, 1977",First Team
Zeki Fryers,Left-Back,England,"Sep 9, 1992",First Team/Reserves Team/Youth Teams
Sylvan Ebanks-Blake,Centre-Forward,England,"Mar 29, 1986",First Team/Reserves Team/Youth Teams
Bebé,Left Winger,Cape Verde,"Jul 12, 1990",First Team/Reserves Team
Ritchie De Laet,Right-Back,Belgium,"Nov 28, 1988",First Team/Reserves Team
Di'Shon Bernard,Centre-Back,Jamaica,"Oct 14, 2000",First Team/Reserves Team/Youth Teams
Keith Gillespie,Right Midfield,Northern Ireland,"Feb 18, 1975",First Team/Youth Teams
Mats Møller Dæhli,Central Midfield,Norway,"Mar 2, 1995",Reserves Team/Youth Teams
Zidane Iqbal,Central Midfield,Iraq,"Apr 27, 2003",First Team/Reserves Team/Youth Teams
Ben Pearson,Defensive Midfield,England,"Jan 4, 1995",Reserves Team/Youth Teams
Noah Ohio,Centre-Forward,Netherlands,"Jan 16, 2003",Youth Teams
Andy Goram,Goalkeeper,Scotland,"Apr 13, 1964",First Team
Manucho,Centre-Forward,Angola,"Mar 7, 1983",First Team
Liam Miller,Central Midfield,Ireland,"Feb 13, 1981",First Team
Etzaz Hussain,Central Midfield,Norway,"Jan 27, 1993",Reserves Team/Youth Teams
Jonathan Spector,Centre-Back,United States,"Mar 1, 1986",First Team/Youth Teams
David Jones,Central Midfield,England,"Nov 4, 1984",First Team/Reserves Team/Youth Teams
Nikolas Ioannou,Left-Back,Cyprus,"Nov 10, 1995",Youth Teams
Matty James,Central Midfield,England,"Jul 22, 1991",First Team/Reserves Team/Youth Teams
Jamie Mullan,Right Winger,England,"Feb 10, 1988",Youth Teams
George Tanner,Right-Back,England,"Nov 16, 1999",Reserves Team/Youth Teams
Bojan Djordjic,Left Winger,Sweden,"Feb 6, 1982",First Team
Jon Macken,Centre-Forward,Ireland,"Sep 7, 1977",First Team/Youth Teams
Dion Dublin,Centre-Forward,England,"Apr 22, 1969",First Team
James Wilson,Centre-Forward,England,"Dec 1, 1995",First Team/Reserves Team/Youth Teams
Tyler Blackett,Left-Back,England,"Apr 2, 1994",First Team/Reserves Team/Youth Teams
Melle Meulensteen,Defensive Midfield,Netherlands,"Jul 4, 1999",Youth Teams
Arnau Puigmal,Central Midfield,Spain,"Jan 10, 2001",First Team/Reserves Team/Youth Teams
Omari Forson,Right Winger,England,"Jul 20, 2004",First Team/Reserves Team/Youth Teams
Danny Pugh,Left-Back,England,"Oct 19, 1982",First Team/Reserves Team
David Fox,Central Midfield,England,"Dec 13, 1983",Reserves Team/Youth Teams
Ben Amos,Goalkeeper,England,"Apr 10, 1990",First Team/Reserves Team/Youth Teams
Matthew Williams,Centre-Forward,Wales,"Nov 5, 1982",First Team/Youth Teams
Andrey Kanchelskis,Right Midfield,Russia,"Jan 23, 1969",First Team
Isak Hansen-Aarøen,Central Midfield,Norway,"Aug 22, 2004",Reserves Team/Youth Teams
Lukasz Bejger,Centre-Back,Poland,"Jan 11, 2002",Reserves Team/Youth Teams
Mark Crossley,Goalkeeper,Wales,"Jun 16, 1969",First Team
Luke Steele,Goalkeeper,England,"Sep 24, 1984",First Team
Maxi Oyedele,Defensive Midfield,Poland,"Nov 7, 2004",Reserves Team/Youth Teams
Ayden Heaven,Centre-Back,England,"Sep 22, 2006",First Team/Reserves Team
Will Keane,Centre-Forward,Ireland,"Jan 11, 1993",First Team/Reserves Team/Youth Teams
Lee Roche,Right-Back,England,"Oct 28, 1980",First Team/Reserves Team
Danny Webber,Centre-Forward,England,"Dec 28, 1981",First Team/Youth Teams
Matt Crooks,Attacking Midfield,England,"Jan 20, 1994",Youth Teams
Ollie Rathbone,Central Midfield,England,"Oct 10, 1996",Reserves Team/Youth Teams
Joe Rankin-Costello,Right-Back,England,"Jul 26, 1999",Youth Teams
Hussein Yasser,Attacking Midfield,Qatar,"Oct 9, 1982",First Team
Lee Martin,Attacking Midfield,England,"Feb 9, 1987",First Team/Youth Teams
Corry Evans,Central Midfield,Northern Ireland,"Jul 30, 1990",First Team/Reserves Team/Youth Teams
Kenny Cooper Jr.,Centre-Forward,United States,"Oct 21, 1984",Reserves Team/Youth Teams
Dennis Politic,Left Winger,Romania,"Mar 5, 2000",Youth Teams
Davide Petrucci,Central Midfield,Italy,"Oct 5, 1991",First Team/Reserves Team/Youth Teams
Alan Tate,Centre-Back,England,"Sep 2, 1982",First Team/Youth Teams
Markus Neumayr,Attacking Midfield,Germany,"Mar 26, 1986",Reserves Team/Youth Teams
Kenji Gorré,Left Winger,Curacao,"Sep 29, 1994",Youth Teams
Nishan Burkart,Left Winger,Switzerland,"Jan 31, 2000",Reserves Team/Youth Teams
Joel Pereira,Goalkeeper,Portugal,"Jun 28, 1996",First Team/Reserves Team/Youth Teams
Paul Rachubka,Goalkeeper,England,"May 21, 1981",First Team/Reserves Team/Youth Teams
Frédéric Veseli,Centre-Back,Albania,"Nov 20, 1992",First Team/Reserves Team
Tosin Kehinde,Left Winger,Nigeria,"Jun 18, 1998",Reserves Team/Youth Teams
Donald Love,Right-Back,Scotland,"Dec 2, 1994",First Team/Reserves Team/Youth Teams
Shaun Goater,Centre-Forward,Bermuda,"Feb 25, 1970",First Team/Youth Teams
Mads Timm,Second Striker,Denmark,"Oct 31, 1984",First Team/Reserves Team/Youth Teams
Lee Grant,Goalkeeper,England,"Jan 27, 1983",First Team/Reserves Team
Ryan Tunnicliffe,Central Midfield,England,"Dec 30, 1992",First Team/Reserves Team/Youth Teams
Ben Thornley,Left Winger,England,"Apr 21, 1975",First Team/Reserves Team
Paul Parker,Right-Back,England,"Apr 4, 1964",First Team
Ethan Galbraith,Central Midfield,Northern Ireland,"May 11, 2001",First Team/Reserves Team/Youth Teams
Jordan Thompson,Central Midfield,Northern Ireland,"Jan 3, 1997",Youth Teams
Michael Clegg,Right-Back,England,"Jul 3, 1977",First Team/Youth Teams
Dessie Baker,Attacking Midfield,Ireland,"Aug 25, 1977",Youth Teams
Jamie Wood,Centre-Forward,Cayman Islands,"Sep 21, 1978",Reserves Team
Roger Byrne,Left-Back,England,"Feb 8, 1929",First Team/Reserves Team
Luke Chadwick,Attacking Midfield,England,"Nov 18, 1980",First Team/Reserves Team
Conor McCormack,Central Midfield,Ireland,"May 18, 1990",Youth Teams
Darren Ferguson,Central Midfield,Scotland,"Feb 9, 1972",First Team/Youth Teams
Peter Beardsley,Second Striker,England,"Jan 18, 1961",First Team
Jesper Olsen,Left Midfield,Denmark,"Mar 20, 1961",First Team
David Wilson,Central Midfield,England,"Mar 20, 1969",First Team/Youth Teams
Kevin Pilkington,Goalkeeper,England,"Mar 8, 1974",First Team/Youth Teams
Ray Wilkins,Central Midfield,England,"Sep 14, 1956",First Team
Simon Davies,Central Midfield,Wales,"Apr 23, 1974",First Team/Youth Teams
John O'Kane,Right-Back,England,"Nov 15, 1974",First Team/Youth Teams
Anto Whelan,Centre-Back,Ireland,"Nov 23, 1959",First Team
William Prunier,Centre-Back,France,"Aug 14, 1967",First Team
Tommy Taylor,Centre-Forward,England,"Jan 29, 1932",First Team
Duncan Edwards,Left Midfield,England,"Oct 1, 1936",First Team/Youth Teams
Johnny Giles,Central Midfield,Ireland,"Nov 6, 1940",First Team/Reserves Team/Youth Teams
Wilf McGuinness,Midfielder,England,"Oct 25, 1937",First Team/Youth Teams
Jonny Rödlund,Central Midfield,Sweden,"Nov 22, 1971",First Team/Youth Teams
Larnell Cole,Right Midfield,England,"Mar 9, 1993",First Team/Reserves Team/Youth Teams
Tom Jones,Left Winger,Wales,"Nov 11, 2005",Youth Teams
Lou Macari,Midfielder,Scotland,"Jun 4, 1949",First Team
Jimmy Nicholl,Right-Back,Northern Ireland,"Feb 28, 1956",First Team/Youth Teams
Jimmy Delaney,Right Winger,Scotland,"Sep 3, 1914",First Team
Pat Dunne,Goalkeeper,Ireland,"Feb 9, 1943",First Team
John Rankin,Central Midfield,Scotland,"Jun 27, 1983",Reserves Team/Youth Teams
Patrick Cregg,Central Midfield,Ireland,"Feb 21, 1986",Youth Teams
Mark Robins,Centre-Forward,England,"Dec 22, 1969",First Team/Youth Teams
Laurie Cunningham,Left Winger,England,"Mar 8, 1956",First Team
Evandro Brandão,Centre-Forward,Angola,"May 7, 1991",Youth Teams
Will Fish,Centre-Back,England,"Feb 17, 2003",First Team/Reserves Team/Youth Teams
James Weir,Central Midfield,England,"Aug 4, 1995",First Team/Reserves Team/Youth Teams
Floribert N'Galula,Defensive Midfield,Belgium,"Mar 7, 1987",First Team/Reserves Team/Youth Teams
Demetri Mitchell,Attacking Midfield,England,"Jan 11, 1997",First Team/Reserves Team/Youth Teams
Luke Daniels,Goalkeeper,England,"Jan 5, 1988",Youth Teams
Danny Galbraith,Defensive Midfield,Scotland,"Aug 19, 1990",Reserves Team/Youth Teams
Josh Pritchard,Defensive Midfield,Wales,"Sep 23, 1992",Youth Teams
Abbe Ibrahim,Centre-Forward,Togo,"Jul 25, 1986",Youth Teams
Neil Wood,Central Midfield,England,"Jan 4, 1983",First Team
Nick Culkin,Goalkeeper,England,"Jul 6, 1978",First Team/Reserves Team/Youth Teams
Paul McGrath,Centre-Back,Ireland,"Dec 4, 1959",First Team
Liam O'Brien,Defensive Midfield,Ireland,"Sep 5, 1964",First Team
Colin McKee,Centre-Forward,Scotland,"Aug 22, 1973",First Team/Reserves Team
Martin Russell,Midfielder,Ireland,"Apr 27, 1967",First Team/Youth Teams
Tommy Hamilton,Striker,Ireland,-,Reserves Team
Radek Vítek,Goalkeeper,Czech Republic,"Oct 24, 2003",First Team/Reserves Team/Youth Teams
Marnick Vermijl,Left-Back,Belgium,"Jan 13, 1992",First Team/Reserves Team/Youth Teams
Ben Williams,Goalkeeper,England,"Aug 27, 1982",First Team/Reserves Team/Youth Teams
Sean Goss,Defensive Midfield,Northern Ireland,"Oct 1, 1995",First Team/Reserves Team/Youth Teams
Grant Brebner,Central Midfield,Scotland,"Dec 6, 1977",First Team/Youth Teams
Liam Grimshaw,Right-Back,England,"Feb 2, 1995",Reserves Team/Youth Teams
Mipo Odubeko,Centre-Forward,Ireland,"Oct 21, 2002",Youth Teams
Owen Dodgson,Left-Back,England,"Mar 19, 2003",Youth Teams
Mark Lynch,Right-Back,England,"Sep 2, 1981",First Team/Youth Teams
Matty Willock,Central Midfield,Montserrat,"Aug 20, 1996",First Team/Reserves Team/Youth Teams
John Cofie,Centre-Forward,England,"Jan 21, 1993",Reserves Team/Youth Teams
Kieran O'Hara,Goalkeeper,Ireland,"Apr 22, 1996",First Team/Reserves Team/Youth Teams
Chris Fagan,Centre-Forward,Ireland,"May 11, 1989",Youth Teams
Kevin Moran,Centre-Back,Ireland,"Apr 29, 1956",First Team
Don Givens,Centre-Forward,Ireland,"Aug 9, 1949",First Team/Youth Teams
Craig Lawton,Central Midfield,Wales,"Jan 5, 1972",First Team
Tony Coton,Goalkeeper,England,"May 19, 1961",First Team
John Pemberton,Centre-Back,England,"Nov 18, 1964",Youth Teams
Alan McDermott,Defender,Ireland,"Jan 22, 1982",Youth Teams
Indy Boonen,Attacking Midfield,Belgium,"Jan 4, 1999",Reserves Team/Youth Teams
Daniel Gore,Central Midfield,England,"Sep 26, 2004",First Team/Reserves Team/Youth Teams
Charni Ekangamene,Defensive Midfield,Belgium,"Feb 16, 1994",Reserves Team/Youth Teams
Dylan Levitt,Central Midfield,Wales,"Nov 17, 2000",First Team/Reserves Team/Youth Teams
Mark Howard,Centre-Back,England,"Jan 29, 1986",Reserves Team/Youth Teams
Josh Harrop,Attacking Midfield,England,"Dec 15, 1995",First Team/Reserves Team/Youth Teams
Jami Puustinen,Centre-Forward,Finland,"Jan 9, 1987",Youth Teams
Michele Fornasier,Centre-Back,Italy,"Aug 22, 1993",Reserves Team/Youth Teams
Daniel Nardiello,Centre-Forward,Wales,"Oct 22, 1982",First Team/Reserves Team/Youth Teams
Mike Pollitt,Goalkeeper,England,"Feb 29, 1972",First Team/Youth Teams
Colin Murdock,Centre-Back,Northern Ireland,"Jul 2, 1975",First Team/Reserves Team/Youth Teams
Phil Mulryne,Central Midfield,Northern Ireland,"Jan 1, 1978",First Team/Youth Teams
David Johnson,Centre-Forward,Jamaica,"Aug 15, 1976",First Team/Youth Teams
David Gray,Right-Back,Scotland,"May 4, 1988",First Team/Reserves Team/Youth Teams
Adam Eckersley,Left-Back,England,"Sep 7, 1985",First Team/Reserves Team/Youth Teams
Tom Sang,Right-Back,England,"Jun 29, 1999",Reserves Team/Youth Teams
Mateo Mejía,Centre-Forward,Colombia,"Mar 31, 2003",Reserves Team/Youth Teams
Matthew Olosunde,Right-Back,United States,"Mar 7, 1998",Reserves Team/Youth Teams
Gyliano van Velzen,Left Winger,Netherlands,"Apr 14, 1994",Reserves Team/Youth Teams
Gary Woods,Goalkeeper,England,"Oct 1, 1990",Youth Teams
Charlie McCann,Defensive Midfield,Northern Ireland,"Apr 24, 2002",Reserves Team/Youth Teams
Deji Sotona,Left Winger,Ireland,"Dec 7, 2002",Reserves Team/Youth Teams
Souleymane Mamam,Defensive Midfield,Togo,"Jun 20, 1985",First Team
Tyler Reid,Right-Back,England,"Sep 2, 1997",Reserves Team/Youth Teams
Michael Mellon,Centre-Forward,Scotland,"Dec 5, 2003",Youth Teams
Noam Emeran,Left Winger,France,"Sep 24, 2002",Reserves Team/Youth Teams
Eddie Johnson,Centre-Forward,England,"Sep 20, 1984",First Team/Youth Teams
Amancio Fortes,Attacking Midfield,Angola,"Apr 18, 1990",Youth Teams
Luke Hendrie,Right-Back,England,"Aug 27, 1994",Reserves Team/Youth Teams
Arthur Gomez,Centre-Forward,The Gambia,"Feb 12, 1984",Reserves Team
Joseph Olowu,Centre-Back,England,"Nov 27, 1999",Reserves Team
Ollie Denham,Centre-Back,Wales,"May 4, 2002",Youth Teams
Tom Thorpe,Centre-Back,England,"Jan 13, 1993",First Team/Reserves Team/Youth Teams
Colin Heath,Centre-Forward,England,"Dec 31, 1983",First Team/Youth Teams
Deniz Mehmet,Goalkeeper,Türkiye,"Sep 19, 1992",Youth Teams
Alan Fettis,Goalkeeper,Northern Ireland,"Feb 1, 1971",Reserves Team
Björn Hardley,Centre-Back,Netherlands,"Dec 19, 2002",First Team/Reserves Team/Youth Teams
Reece Devine,Left-Back,England,"Dec 18, 2001",Reserves Team/Youth Teams
Terry Cooke,Right Winger,England,"Aug 5, 1976",First Team/Youth Teams
Paul Tierney,Left-Back,Ireland,"Sep 15, 1982",First Team/Youth Teams
Mark Redshaw,Second Striker,England,"Sep 25, 1984",Youth Teams
Andreas Pachipis,Defensive Midfield,Cyprus,"Dec 16, 1994",Youth Teams
Aidan Barlow,Left Midfield,England,"Jan 10, 2000",Reserves Team/Youth Teams
Ollie Byrne,Goalkeeper,England,"Dec 31, 1997",Youth Teams
Steven Hogg,Central Midfield,England,"Oct 1, 1985",First Team/Youth Teams
Jayden Reid,Left Winger,England,"Apr 22, 2001",Youth Teams
Joe Dixon,Attacking Midfield,England,"Nov 27, 1989",Youth Teams
Alex Notman,Right Winger,Scotland,"Dec 10, 1979",First Team
Kyle Moran,Centre-Forward,Ireland,"Jun 7, 1987",Youth Teams
Johnny Gorman,Left Winger,Northern Ireland,"Oct 26, 1992",Youth Teams
Harry Allen,Goalkeeper,England,"Nov 1, 2001",Youth Teams
Joe Palmer,Central Midfield,Wales,"Aug 13, 1999",Youth Teams
Max Thompson,Right Winger,England,"Feb 9, 2002",Youth Teams
Arthur Albiston,Left-Back,Scotland,"Jul 14, 1957",First Team/Youth Teams
Frank Stapleton,Centre-Forward,Ireland,"Jul 10, 1956",First Team
Joe Jordan,Centre-Forward,Scotland,"Dec 15, 1951",First Team
Gordon Hill,Left Winger,England,"Apr 1, 1954",First Team
Peter Davenport,Striker,England,"Mar 24, 1961",First Team
Ashley Grimes,Left Midfield,Ireland,"Aug 2, 1957",First Team
Carlo Sartori,Midfielder,Italy,"Feb 10, 1948",First Team/Youth Teams
Andy Ritchie,Centre-Forward,England,"Nov 28, 1960",First Team/Youth Teams
Terry Gibson,Centre-Forward,England,"Dec 23, 1962",First Team
Peter Barnes,Left Midfield,England,"Jun 10, 1957",First Team
Harry Amass,Left-Back,England,"Mar 16, 2007",First Team/Reserves Team/Youth Teams
Stephen Pears,Goalkeeper,England,"Jan 22, 1962",First Team/Youth Teams
Ethan Wheatley,Centre-Forward,England,"Jan 20, 2006",First Team/Reserves Team/Youth Teams
Tyler Fredricson,Centre-Back,England,"Feb 23, 2005",First Team/Reserves Team/Youth Teams
Deiniol Graham,Centre-Forward,Wales,"Oct 4, 1969",First Team/Reserves Team
Chris Casper,Centre-Back,England,"Apr 28, 1975",First Team/Youth Teams
Neil Whitworth,Centre-Back,England,"Apr 12, 1972",First Team
George Nicol,Striker,Scotland,"Dec 14, 1903",First Team
Fred Kennedy,Striker,England,"Oct 23, 1902",First Team
Paddy Sloan,Striker,Ireland,"Apr 30, 1920",First Team/Youth Teams
Peter Bodak,Right Midfield,England,"Aug 12, 1961",First Team
Andy Hill,Right-Back,England,"Jan 20, 1965",First Team/Youth Teams
Fraser Digby,Goalkeeper,England,"Jan 23, 1967",First Team/Youth Teams
Brian Carey,Centre-Back,Ireland,"May 31, 1968",First Team
Jason Lydiate,Defender,England,"Oct 29, 1971",First Team/Youth Teams
Richard Irving,Centre-Forward,England,"Sep 10, 1975",First Team
Ashley Westwood,Centre-Back,England,"Aug 31, 1976",First Team/Youth Teams
Jimmy Davis,Left Winger,England,"Feb 6, 1982",First Team/Youth Teams
Phil Marsh,Centre-Forward,England,"Nov 15, 1986",First Team/Youth Teams
Craig Dean,Left-Back,England,"Jul 1, 1976",Reserves Team/Youth Teams
Rhodri Jones,Midfielder,Wales,"Jan 19, 1982",Youth Teams
Sean Evans,Left Winger,England,"Sep 25, 1987",Reserves Team/Youth Teams
Jason Lampkin,Attacking Midfield,England,"Apr 24, 1992",Youth Teams
Tomos Roberts,Left-Back,Wales,"Sep 23, 1991",Youth Teams
Sam Byrne,Centre-Forward,Ireland,"Jan 23, 1995",Reserves Team/Youth Teams
Ryan McConnell,Left-Back,Ireland,"Oct 3, 1995",Reserves Team/Youth Teams
Stephen Cosgrove,Midfielder,Scotland,"Dec 29, 1980",Reserves Team
Aaron Burns,Centre-Forward,England,"Nov 8, 1987",Reserves Team
Kevin Grogan,Midfielder,Ireland,"Nov 15, 1981",Youth Teams
Reece James,Left-Back,England,"Nov 7, 1993",First Team/Reserves Team
Martin Svidersky,Central Midfield,Slovakia,"Oct 4, 2002",Reserves Team/Youth Teams
Charlie Savage,Central Midfield,Wales,"May 2, 2003",First Team/Reserves Team/Youth Teams
Charlie Scott,Defensive Midfield,England,"Sep 2, 1997",Reserves Team/Youth Teams
Scott Wootton,Centre-Back,England,"Sep 12, 1991",First Team/Reserves Team/Youth Teams
Joe Hugill,Centre-Forward,England,"Oct 19, 2003",First Team/Reserves Team/Youth Teams
Nathan Bishop,Goalkeeper,England,"Oct 15, 1999",First Team/Reserves Team
Ritchie Jones,Central Midfield,England,"Sep 26, 1986",First Team/Reserves Team/Youth Teams
Rhys Bennett,Centre-Back,England,"Oct 30, 2003",First Team/Reserves Team/Youth Teams
Matt Gill,Defensive Midfield,England,"Nov 8, 1980",First Team
Marc Jurado,Right-Back,Spain,"Apr 13, 2004",First Team/Reserves Team/Youth Teams
Johan Guadagno,Goalkeeper,Sweden,"Feb 21, 2003",Youth Teams
Joe Riley,Central Midfield,England,"Dec 6, 1996",First Team/Reserves Team/Youth Teams
Max Haygarth,Left Winger,England,"Jan 21, 2002",Reserves Team/Youth Teams
Raheem Hanley,Left-Back,St. Kitts & Nevis,"Feb 24, 1994",Youth Teams
Oliver Gill,Centre-Back,England,"Sep 15, 1990",First Team/Reserves Team/Youth Teams
Michael Twiss,Right Midfield,England,"Dec 26, 1977",First Team/Reserves Team
Jayce Fitzgerald,Central Midfield,England,"May 9, 2007",First Team/Reserves Team/Youth Teams
Godwill Kukonki,Centre-Back,England,"Feb 6, 2008",First Team/Reserves Team/Youth Teams
Hubert Graczyk,Goalkeeper,Poland,"Feb 28, 2003",First Team/Reserves Team
Dermot Mee,Goalkeeper,Northern Ireland,"Nov 20, 2002",First Team/Reserves Team/Youth Teams
Habeeb Ogunneye,Right-Back,England,"Nov 12, 2005",First Team/Reserves Team/Youth Teams
Jack Moorhouse,Central Midfield,England,"Nov 29, 2005",First Team/Reserves Team/Youth Teams
Jack Fletcher,Attacking Midfield,England,"Mar 19, 2007",First Team/Reserves Team/Youth Teams
Elyh Harrison,Goalkeeper,England,"Feb 19, 2006",First Team/Reserves Team/Youth Teams
Sékou Koné,Defensive Midfield,Mali,"Feb 3, 2006",First Team/Reserves Team/Youth Teams
Michael Appleton,Central Midfield,England,"Dec 4, 1975",First Team/Youth Teams
Pat McGibbon,Centre-Back,Northern Ireland,"Sep 6, 1973",First Team
Zak Dearnley,Centre-Forward,England,"Sep 28, 1998",First Team/Reserves Team/Youth Teams
Louis Jackson,Centre-Back,Scotland,"Sep 18, 2005",First Team/Reserves Team/Youth Teams
Paul Gibson,Goalkeeper,England,"Nov 1, 1976",First Team/Reserves Team
Joe van der Sar,Goalkeeper,Netherlands,"Mar 16, 1998",Youth Teams
Owen Hampson,Central Midfield,Wales,"Nov 17, 2004",Youth Teams
Tommy Rowe,Left Midfield,England,"Sep 24, 1988",Reserves Team
Richie Wellens,Central Midfield,England,"Mar 26, 1980",First Team/Reserves Team/Youth Teams
Nicky Ajose,Centre-Forward,England,"Oct 7, 1991",Reserves Team/Youth Teams
Cameron Stewart,Left Winger,England,"Apr 8, 1991",First Team/Reserves Team/Youth Teams
Aliou Traoré,Central Midfield,France,"Jan 8, 2001",Reserves Team/Youth Teams
Regan Poole,Centre-Back,Wales,"Jun 18, 1998",First Team/Reserves Team
Sam Smith,Centre-Forward,England,"Mar 8, 1998",Youth Teams
Ian Joy,Left-Back,United States,"Jul 14, 1981",Reserves Team
Ethan Hamilton,Central Midfield,Scotland,"Oct 18, 1998",First Team/Reserves Team/Youth Teams
Joe Dudgeon,Left-Back,Northern Ireland,"Nov 26, 1990",First Team/Reserves Team/Youth Teams
D'Mani Mellor,Centre-Forward,England,"Sep 20, 2000",First Team/Reserves Team/Youth Teams
Jack Barmby,Left Midfield,England,"Nov 14, 1994",Reserves Team/Youth Teams
Andy Duncan,Centre-Back,England,"Oct 20, 1977",Reserves Team
John Thorrington,Right Midfield,United States,"Oct 17, 1979",Reserves Team
Sean Ka-Keung Tse,Centre-Back,Hongkong,"May 3, 1992",Youth Teams
Lee O'Connor,Right-Back,Ireland,"Jul 28, 2000",Reserves Team/Youth Teams
Mark Helm,Central Midfield,England,"Oct 21, 2001",Reserves Team/Youth Teams
Harvey Neville,Left-Back,Ireland,"Jun 26, 2002",Reserves Team/Youth Teams
Luke McCullough,Centre-Back,Northern Ireland,"Feb 15, 1994",Reserves Team/Youth Teams
James Tunnicliffe,Centre-Back,England,"Jan 17, 1989",Reserves Team
Sean McGinty,Centre-Back,Ireland,"Aug 11, 1993",Reserves Team/Youth Teams
Sonny Aljofree,Centre-Back,England,"Dec 19, 2004",Reserves Team/Youth Teams
Joshua Bohui,Left Winger,England,"Mar 3, 1999",Reserves Team/Youth Teams
Ro-Shaun Williams,Centre-Back,Grenada,"Sep 3, 1998",First Team/Reserves Team/Youth Teams
Reece Brown,Centre-Back,England,"Nov 1, 1991",First Team/Reserves Team/Youth Teams
Luke Giverin,Left-Back,England,"Feb 4, 1993",Reserves Team/Youth Teams
Laurence Wyke,Centre-Back,England,"Sep 20, 1996",Youth Teams
Sam Hart,Left-Back,England,"Sep 10, 1996",Youth Teams
Daniel Butterworth,Attacking Midfield,England,"Sep 14, 1999",Youth Teams
Tyrell Warren,Right-Back,England,"Oct 5, 1998",Reserves Team/Youth Teams
Kelly Nmai,Left Midfield,Netherlands,"May 1, 2004",Reserves Team
Dion McGhee,Attacking Midfield,England,"Sep 14, 2000",Reserves Team/Youth Teams
Charlie McNeill,Centre-Forward,England,"Sep 9, 2003",First Team/Reserves Team/Youth Teams
DJ Buffonge,Attacking Midfield,Montserrat,"Nov 7, 1998",Reserves Team/Youth Teams
Millen Baars,Left Winger,Netherlands,"May 30, 2000",Reserves Team/Youth Teams
Michael Rose,Defensive Midfield,England,"Jul 28, 1982",Youth Teams
Kris Taylor,Left-Back,England,"Jan 12, 1984",Youth Teams
Chris Curran,Central Midfield,Northern Ireland,"Jan 5, 1991",Youth Teams
Jake Taylor,Central Midfield,England,"Sep 8, 1998",Youth Teams
Ondrej Mastny,Goalkeeper,Czech Republic,"Mar 8, 2002",Reserves Team/Youth Teams
David Poole,Right Winger,England,"Nov 26, 1984",First Team/Youth Teams
Danny Rose,Central Midfield,England,"Feb 21, 1988",Youth Teams
Will Vint,Defensive Midfield,United States,"Oct 12, 2001",Youth Teams
Josh Dolling,Centre-Forward,England,"Dec 29, 1997",Youth Teams
Dillon Hoogewerf,Right Winger,Netherlands,"Feb 27, 2003",Reserves Team/Youth Teams
Connor Stanley,Right Midfield,England,"Dec 30, 2001",Reserves Team/Youth Teams
Idris Kanu,Right Winger,Sierra Leone,"Dec 5, 1999",Youth Teams
Phil Picken,Right-Back,England,"Nov 12, 1985",First Team/Youth Teams
Michael Lea,Left-Back,England,"Nov 4, 1987",First Team/Reserves Team/Youth Teams
Tommy Lee,Goalkeeper,England,"Jan 3, 1986",Reserves Team/Youth Teams
Otis Khan,Left Winger,Pakistan,"Sep 5, 1995",Youth Teams
Andy Kellett,Left-Back,England,"Nov 10, 1993",Reserves Team
Ben Woods,Central Midfield,England,"Sep 27, 2002",Youth Teams
Luca Ercolani,Centre-Back,Italy,"Nov 25, 1999",Reserves Team/Youth Teams
John Cunliffe,Centre-Forward,England,"Aug 8, 1984",Youth Teams
Max Taylor,Centre-Back,England,"Jan 10, 2000",First Team/Reserves Team/Youth Teams
Ilias Moutha-Sebtaoui,Goalkeeper,Belgium,"Apr 1, 1999",Reserves Team/Youth Teams
Kai Corbett,Right Winger,England,"Oct 8, 2002",Youth Teams
Matty Mainwaring,Left Midfield,Ireland,"Mar 28, 1990",Youth Teams
David Mellor,Central Midfield,England,"Jul 10, 1993",Youth Teams
Devonte Redmond,Central Midfield,England,"Sep 19, 1996",Reserves Team/Youth Teams
Ashley Grimes,Second Striker,England,"Dec 9, 1986",Youth Teams
Lewis Thompson,Left-Back,Northern Ireland,"Oct 10, 1999",Youth Teams
Callum Dolan,Attacking Midfield,England,"Sep 29, 2000",Youth Teams
Olamide Ibrahim,Central Midfield,Ireland,"Sep 23, 2003",Youth Teams
Chris Popov,Centre-Forward,Wales,"Oct 26, 2004",Youth Teams
Manni Norkett,Centre-Forward,England,"Oct 30, 2004",Reserves Team/Youth Teams
Ben Hockenhull,Centre-Back,England,"Sep 3, 2001",Reserves Team/Youth Teams
Conor Devlin,Goalkeeper,Northern Ireland,"Sep 23, 1991",First Team/Reserves Team/Youth Teams
Alberto Massacci,Centre-Back,Italy,"May 27, 1993",Reserves Team/Youth Teams
Callum Evans,Defensive Midfield,England,"Oct 11, 1995",Reserves Team/Youth Teams
Tim Merritt,Defensive Midfield,United States,"Jun 25, 1982",Reserves Team
Ruairi Croskery,Centre-Forward,Northern Ireland,"Dec 20, 1996",Reserves Team/Youth Teams
Jean Belehouan,Centre-Back,France,"Sep 1, 2000",Youth Teams
Matteo Vaccarecci,Goalkeeper,Italy,"Jul 2, 1990",Youth Teams
Alex Fojticek,Goalkeeper,Slovakia,"Mar 3, 2000",Reserves Team/Youth Teams
Jacob Carney,Goalkeeper,England,"Apr 21, 2001",Reserves Team/Youth Teams
Max Johnstone,Goalkeeper,England,"Aug 18, 1998",Reserves Team/Youth Teams
Kirk Hilton,Left-Back,England,"Apr 2, 1981",First Team/Youth Teams
Ben Muirhead,Centre-Forward,England,"Jan 5, 1983",First Team/Youth Teams
Danny Whitaker,Central Midfield,England,"Nov 14, 1980",Reserves Team/Youth Teams
Chris McGrail,Centre-Forward,England,"May 5, 1989",Youth Teams
Ramon Calliste,Centre-Forward,Wales,"Dec 16, 1985",Reserves Team/Youth Teams
Mitchell Bryant,Centre-Forward,England,"Dec 22, 1990",Youth Teams
Dean Santangelo,Goalkeeper,Switzerland,"Sep 23, 1993",Reserves Team
Sadiq El Fitouri,Right-Back,Libya,"Oct 10, 1994",Reserves Team
Sam Sharrock-Peplow,Left-Back,England,"Jul 14, 2002",Youth Teams
Macauley Wilson,Right-Back,England,"Sep 2, 1997",Youth Teams
Allenby Chilton,Centre-Back,England,"Sep 16, 1918",First Team
Jack Rowley,Centre-Forward,England,"Oct 7, 1918",First Team
Martin Buchan,Centre-Back,Scotland,"Mar 6, 1949",First Team
Steve Coppell,Right Midfield,England,"Jul 9, 1955",First Team
Sammy McIlroy,Central Midfield,Northern Ireland,"Aug 2, 1954",First Team/Youth Teams
Stan Pearson,Striker,England,"Jan 11, 1919",First Team/Youth Teams
Mike Duxbury,Right-Back,England,"Sep 1, 1959",First Team/Youth Teams
Gary Bailey,Goalkeeper,England,"Aug 9, 1958",First Team
Johnny Carey,Right-Back,Northern Ireland,"Feb 23, 1919",First Team
Dennis Viollet,Centre-Forward,England,"Sep 20, 1933",First Team/Youth Teams
John Aston,Left-Back,England,"Sep 3, 1921",First Team/Reserves Team
Johnny Berry,Right Winger,England,"Jun 1, 1926",First Team
Henry Cockburn,Left Midfield,England,"Sep 14, 1921",First Team/Reserves Team
Harry Gregg,Goalkeeper,Northern Ireland,"Oct 25, 1932",First Team
Norman Whiteside,Attacking Midfield,Northern Ireland,"May 7, 1965",First Team/Reserves Team
Willie Morgan,Right Winger,Scotland,"Oct 2, 1944",First Team
Jack Crompton,Goalkeeper,England,"Dec 18, 1921",First Team
Gordon McQueen,Centre-Back,Scotland,"Jun 26, 1952",First Team
Brian Greenhoff,Defensive Midfield,England,"Apr 28, 1953",First Team/Youth Teams
Ray Wood,Goalkeeper,England,"Jun 11, 1931",First Team
Albert Quixall,Second Striker,England,"Aug 9, 1933",First Team
Stewart Houston,Left-Back,Scotland,"Aug 20, 1948",First Team
Maurice Setters,Right Midfield,England,"Dec 16, 1936",First Team
Remi Moses,Defensive Midfield,England,"Nov 14, 1960",First Team
Charlie Mitten,Left Winger,England,"Jan 17, 1921",First Team/Reserves Team
David Pegg,Left Winger,England,"Sep 20, 1935",First Team/Youth Teams
Noel Cantwell,Left-Back,Ireland,"Feb 28, 1932",First Team
Steve James,Centre-Back,England,"Nov 29, 1949",First Team/Youth Teams
Albert Scanlon,Left Winger,England,"Oct 10, 1935",First Team/Youth Teams
Billy McGlen,Midfielder,England,"Apr 27, 1921",First Team
Johnny Downie,Centre-Forward,Scotland,"Jul 19, 1925",First Team
Don Gibson,Central Midfield,England,"May 12, 1929",First Team/Youth Teams
Stuart Pearson,Centre-Forward,England,"Jun 21, 1949",First Team
Jackie Blanchflower,Defensive Midfield,Northern Ireland,"Mar 7, 1933",First Team/Youth Teams
Mark Jones,Centre-Back,England,"Jun 15, 1933",First Team/Youth Teams
Jimmy Greenhoff,Centre-Forward,England,"Jun 19, 1946",First Team
David Gaskell,Goalkeeper,England,"Oct 5, 1940",First Team/Youth Teams
John Gidman,Right-Back,England,"Jan 10, 1954",First Team
Freddie Goodwin,Central Midfield,England,"Jun 28, 1933",First Team/Reserves Team
Jeff Whitefoot,Central Midfield,England,"Dec 31, 1933",First Team/Youth Teams
Ron Cope,Centre-Back,England,"Oct 5, 1934",First Team/Youth Teams
Jack Warner,Midfielder,Wales,"Sep 21, 1911",First Team
Mickey Thomas,Left Midfield,Wales,"Jul 7, 1954",First Team
David McCreery,Defensive Midfield,Northern Ireland,"Sep 15, 1957",First Team/Youth Teams
Eddie Colman,Central Midfield,England,"Nov 1, 1936",First Team/Youth Teams
Johnny Morris,Centre-Forward,England,"Sep 27, 1923",First Team/Youth Teams
Graeme Hogg,Centre-Back,Scotland,"Jun 17, 1964",First Team
Alex Dawson,Centre-Forward,Scotland,"Feb 21, 1940",First Team/Youth Teams
Liam Whelan,Second Striker,Ireland,"Apr 1, 1935",First Team
Reg Allen,Goalkeeper,England,"May 3, 1919",First Team
Gerry Daly,Attacking Midfield,Ireland,"Apr 30, 1954",First Team
Alan Gowling,Striker,England,"May 16, 1949",First Team/Youth Teams
Mark Pearson,Second Striker,England,"Oct 28, 1939",First Team/Youth Teams
Tony Young,Right-Back,England,"Dec 24, 1952",First Team/Youth Teams
Ian Greaves,Left-Back,England,"May 26, 1932",First Team
Joe Carolan,Left-Back,Ireland,"Sep 8, 1937",First Team
Joe Spence,Striker,England,"Dec 15, 1898",First Team
Colin Webster,Second Striker,Wales,"Jul 17, 1932",First Team
Warren Bradley,Midfielder,England,"Jun 20, 1933",First Team
Chris Turner,Goalkeeper,England,"Sep 15, 1958",First Team
Alex Forsyth,Right-Back,Scotland,"Feb 5, 1952",First Team
Jimmy Nicholson,Attacking Midfield,Northern Ireland,"Feb 23, 1943",First Team/Youth Teams
Tom McNulty,Right-Back,England,"Dec 30, 1929",First Team/Youth Teams
Harry McShane,Left Winger,Scotland,"Apr 8, 1920",First Team
Victor Musa,Centre-Forward,England,"Sep 5, 2006",Reserves Team/Youth Teams
Tommy O'Neil,Right-Back,England,"Oct 25, 1952",First Team/Reserves Team
Paul Edwards,Right-Back,England,"Oct 7, 1947",First Team
Johnny Hanlon,Second Striker,England,"Oct 12, 1917",First Team/Youth Teams
Jim Holton,Centre-Back,Scotland,"Apr 11, 1951",First Team
Jack Silcock,Defender,England,"Jan 15, 1898",First Team
Ian Ure,Centre-Back,Scotland,"Dec 7, 1939",First Team
Alfred Steward,Goalkeeper,England,"Dec 18, 1898",First Team
Ian Moir,Right Winger,Scotland,"Apr 30, 1943",First Team/Youth Teams
Paddy Roche,Goalkeeper,Ireland,"Jan 4, 1951",First Team
Ray Bennion,Midfielder,Wales,"Sep 1, 1896",First Team
James Nolan,Right-Back,England,"Oct 2, 2005",Reserves Team/Youth Teams
James Scanlon,Left Winger,Gibraltar,"Sep 28, 2006",First Team/Reserves Team/Youth Teams
George Graham,Central Midfield,Scotland,"Nov 30, 1944",First Team
Billy Garton,Centre-Back,England,"Mar 15, 1965",First Team/Youth Teams
Charlie Moore,Right-Back,England,"Jun 3, 1893",First Team
Sam Murray,Left-Back,England,"Sep 25, 2004",Reserves Team/Youth Teams
Lal Hilditch,Left Winger,England,"Jun 2, 1894",First Team
Ian Storey-Moore,Left Winger,England,"Jan 17, 1945",First Team
Finley McAllister,Defensive Midfield,England,"Jul 16, 2006",Reserves Team/Youth Teams
Arthur Graham,Left Winger,Scotland,"Oct 26, 1952",First Team
Jaydan Kamason,Right-Back,England,"Dec 8, 2006",First Team/Reserves Team/Youth Teams
Jacob Devaney,Defensive Midfield,Ireland,"Jun 11, 2007",Reserves Team/Youth Teams
Nobby Lawton,Central Midfield,England,"Mar 25, 1940",First Team/Youth Teams
Gabriele Biancheri,Centre-Forward,Wales,"Sep 18, 2006",Reserves Team/Youth Teams
Billy Meredith,Right Winger,Wales,"Jul 30, 1874",First Team
Phil Chisnall,Second Striker,England,"Oct 27, 1942",First Team/Youth Teams
Billy Redman,Defender,England,"Jan 29, 1928",First Team
Ethan Williams,Left Winger,England,"Nov 14, 2005",Reserves Team/Youth Teams
Jim Thwaites,Central Midfield,England,"Dec 20, 2007",Reserves Team/Youth Teams
John Anderson,Striker,England,"Oct 11, 1921",First Team
Reece Munro,Centre-Back,England,"Dec 16, 2006",Reserves Team/Youth Teams
George Wall,Striker,England,"Feb 20, 1885",First Team
Mick Martin,Central Midfield,Ireland,"Jul 9, 1951",First Team
Charlie Wellens,Central Midfield,England,"Dec 5, 2002",Reserves Team/Youth Teams
Zach Baumann,Central Midfield,Ukraine,"Jan 2, 2007",Reserves Team/Youth Teams
Bobby Noble,Left-Back,England,"Dec 18, 1945",First Team/Youth Teams
Jimmy Hanson,Centre-Forward,England,"Nov 6, 1904",First Team
Shea Lacey,Right Winger,England,"Apr 14, 2007",Youth Teams
Sam Mather,Left Winger,England,"Sep 3, 2004",Reserves Team/Youth Teams
Amir Ibragimov,Left Winger,Russia,"Apr 2, 2008",Reserves Team/Youth Teams
Daniel Armer,Centre-Back,Scotland,"Oct 22, 2007",Reserves Team/Youth Teams
Tommy Bogan,Centre-Forward,Scotland,"May 18, 1920",First Team
Callum Whelan,Defensive Midfield,England,"Sep 24, 1998",Reserves Team/Youth Teams
Jack Kingdon,Centre-Back,Scotland,"Nov 16, 2005",Reserves Team/Youth Teams
Harry Rowley,Second Striker,England,"Jan 23, 1904",First Team
Jack Wilson,Midfielder,England,"Mar 8, 1897",First Team
Ronnie Burke,Centre-Forward,England,"Aug 13, 1921",First Team
Chris McGrath,Right Winger,Northern Ireland,"Nov 22, 1954",First Team
George Stacey,Left-Back,England,"Apr 1, 1881",First Team
Scott McGarvey,Centre-Forward,Scotland,"Apr 22, 1963",First Team/Youth Teams
Frank Mann,Defensive Midfield,England,"Mar 17, 1891",First Team
John Doherty,Second Striker,England,"Mar 12, 1935",First Team/Youth Teams
Adam Berry,Left Winger,England,"Jan 9, 2006",Reserves Team/Youth Teams
Charlie Roberts,Midfielder,England,"Apr 6, 1883",First Team
Dick Duckworth,Right Midfield,England,"Sep 14, 1882",First Team
Sandy Turnbull,Striker,Scotland,"Jul 30, 1884",First Team
Ralph Milne,Left Midfield,Scotland,"May 13, 1961",First Team
Jake Kenyon,Left-Back,England,"Jan 2, 1999",Reserves Team/Youth Teams
Jack Griffiths,Left-Back,England,"Sep 15, 1909",First Team
George Vose,Midfielder,England,"Oct 4, 1912",First Team
Bendito Mantato,Right Winger,England,"Jan 25, 2008",First Team/Reserves Team/Youth Teams
Alex Bell,Midfielder,Scotland,"Oct 20, 1881",First Team
Tommy Reid,Centre-Forward,Scotland,"Aug 15, 1905",First Team
Ernie Taylor,Second Striker,England,"Sep 2, 1925",First Team
Iestyn Hughes,Right-Back,Wales,"Oct 31, 2002",Reserves Team/Youth Teams
Logan Pye,Left-Back,England,"Oct 26, 2003",Reserves Team/Youth Teams
Tyler Fletcher,Central Midfield,Scotland,"Mar 19, 2007",Reserves Team/Youth Teams
James Bailey,Attacking Midfield,England,"Dec 29, 2007",Reserves Team/Youth Teams
Ashton Missin,Left Winger,England,"Aug 15, 2006",Reserves Team/Youth Teams
Joe Walton,Left-Back,England,"Jun 5, 1925",First Team/Youth Teams
John Ball,Right-Back,England,"Mar 13, 1925",First Team
Nikola Jovanovic,Centre-Back,Montenegro,"Sep 18, 1952",First Team
Harry Thomas,Striker,Wales,"Feb 28, 1901",First Team
Tom Myles,Goalkeeper,England,"Nov 17, 2005",Reserves Team/Youth Teams
Enoch West,Centre-Forward,England,"Mar 31, 1886",First Team
Ted Buckle,Right Winger,England,"Oct 28, 1924",First Team
Eddie Lewis,Left-Back,England,"Jan 3, 1935",First Team/Youth Teams
George McLachlan,Left Winger,Scotland,"Sep 21, 1901",First Team
Ernie Bond,Left Winger,England,"May 4, 1929",First Team
Dante Plunkett,Left-Back,England,"Oct 9, 2007",Youth Teams
Albert Mills,Centre-Back,England,"Feb 28, 2008",Reserves Team/Youth Teams
Trevor Anderson,Left Winger,Northern Ireland,"Mar 3, 1951",First Team
Tommy Jackson,Central Midfield,Northern Ireland,"Nov 3, 1946",First Team
Ethan Ennis,Right Winger,England,"Dec 11, 2004",Reserves Team/Youth Teams
Jack Grimwood,Midfielder,England,"Oct 25, 1898",First Team
Billy Dale,Left-Back,England,"Feb 17, 1905",First Team/Reserves Team
Graham Moore,Central Midfield,Wales,"Mar 7, 1941",First Team
Ted MacDougall,Centre-Forward,Scotland,"Jan 8, 1947",First Team
Hubert Redwood,Right-Back,England,"Jun 13, 1913",First Team
Harry Moger,Goalkeeper,England,"Sep 1, 1878",First Team
Kenny Morgans,Right Winger,Wales,"Mar 16, 1939",First Team/Youth Teams
Ruben Curley,Central Midfield,England,"Sep 5, 2005",Reserves Team/Youth Teams
Teddy Partridge,Left Winger,England,"Feb 13, 1891",First Team
Charlie Spencer,Defensive Midfield,England,"Dec 4, 1899",First Team
Wyn Davies,Centre-Forward,Wales,"Mar 20, 1942",First Team
Willie Bryant,Right Winger,England,"Nov 26, 1913",First Team
Tom Manley,Left Winger,England,"Oct 7, 1912",First Team
Samuel Lusale,Right Winger,Slovakia,"Sep 7, 2007",Youth Teams
Frank Clempson,Second Striker,England,"May 27, 1930",First Team/Reserves Team
Sammy McMillan,Left Winger,Northern Ireland,"Sep 20, 1941",First Team/Youth Teams
Will Murdock,Goalkeeper,Northern Ireland,"May 26, 2007",First Team/Reserves Team/Youth Teams
Harold Halse,Striker,England,"Jan 1, 1886",First Team
Jake Barrett,Centre-Back,England,"Oct 16, 1999",Reserves Team/Youth Teams
John Wassall,Centre-Forward,England,"Feb 11, 1917",First Team
Tom Jones,Midfielder,Wales,"Dec 6, 1899",First Team
Frank McPherson,Centre-Forward,England,"May 14, 1901",First Team
Bobby Beale,Goalkeeper,England,"Jan 8, 1884",First Team
Cameron Byrne-Hughes,Goalkeeper,England,"Nov 2, 2007",Reserves Team/Youth Teams
Tom Wooster,Goalkeeper,England,"Mar 30, 2005",Reserves Team/Youth Teams
Sammy Lynn,Central Midfield,England,"Dec 25, 1920",First Team/Youth Teams
Tommy Lowrie,Central Midfield,Scotland,"Jan 14, 1928",First Team
Stan Crowther,Central Midfield,England,"Sep 3, 1935",First Team
George Roughton,Defender,England,"May 11, 1909",First Team
Bill McKay,Midfielder,Scotland,"Aug 24, 1906",First Team
Jack Mew,Goalkeeper,England,"Nov 30, 1889",First Team
Malachi Sharpe,Right Winger,Scotland,"Nov 20, 2005",Reserves Team/Youth Teams
Sonny Feehan,Goalkeeper,Ireland,"Sep 17, 1926",First Team
Geoff Bent,Right-Back,England,"Sep 27, 1932",First Team/Youth Teams
Arthur Whalley,Midfielder,England,"Feb 17, 1886",First Team
Brian Birch,Second Striker,England,"Nov 18, 1931",First Team/Youth Teams
Willie Watson,Right-Back,Scotland,"Dec 4, 1949",First Team
Jim McCalliog,Midfielder,Scotland,"Sep 23, 1946",First Team
Tom Sloan,Central Midfield,Northern Ireland,"Jul 10, 1959",First Team
George Anderson,Centre-Forward,England,"May 25, 1891",First Team
Mickey Hamill,Midfielder,Ireland,"Jan 19, 1890",First Team
Ronnie Briggs,Goalkeeper,Northern Ireland,"Mar 29, 1943",First Team/Youth Teams
Frank Kopel,Left-Back,Scotland,"Mar 28, 1949",First Team/Youth Teams
Tony Gill,Defensive Midfield,England,"Mar 6, 1968",First Team/Reserves Team
Jack Breedon,Goalkeeper,England,"Dec 29, 1907",First Team
Billy Wrigglesworth,Right Winger,England,-,First Team
Hugh McLenahan,Midfielder,England,"Mar 23, 1909",First Team
Bobby Harrop,Centre-Back,England,"Aug 25, 1936",First Team
Jack Mellor,Left-Back,England,"Jul 15, 1906",First Team
Billy Johnston,Centre-Forward,Scotland,"Jan 16, 1901",First Team
James Overy,Right-Back,Scotland,"Nov 9, 2007",Reserves Team/Youth Teams
Jimmy Turnbull,Striker,Scotland,"May 23, 1882",First Team
Jimmy Hodge,Midfielder,Scotland,"Jul 5, 1891",First Team
Tommy Breen,Goalkeeper,Ireland,"Apr 27, 1912",First Team
Jack Smith,Centre-Forward,England,"Feb 17, 1915",First Team
Cliff Birkett,Centre-Forward,England,"Sep 17, 1933",First Team/Youth Teams
Willie Anderson,Left Winger,England,"Jan 24, 1947",First Team/Youth Teams
Harry Spratt,Left-Back,England,"Jan 28, 2000",Reserves Team/Youth Teams
James Thompson,Goalkeeper,England,"Sep 19, 2000",Youth Teams
Eric Hanbury,Goalkeeper,England,"Oct 25, 2004",Youth Teams
Tom Smith,Second Striker,England,"Oct 18, 1900",First Team
Bill Rawlings,Midfielder,England,"Jan 3, 1896",First Team
Fred Hopkin,Left Winger,England,"Sep 23, 1895",First Team
Jeff Wealands,Goalkeeper,England,"Aug 26, 1951",First Team
Kayne Diedrick-Roberts,Centre-Forward,England,"Nov 4, 1998",Reserves Team/Youth Teams
George Gladwin,Midfielder,England,"Mar 28, 1907",First Team
Stanley Gallimore,Centre-Forward,England,"Apr 14, 1910",First Team
Frank Barson,Midfielder,England,"Apr 10, 1891",First Team
Charlie Rennox,Second Striker,Scotland,"Feb 25, 1897",First Team
Rees Williams,Striker,Wales,"Jan 31, 1900",First Team
Peter Fletcher,Centre-Forward,England,"Dec 2, 1953",First Team/Youth Teams
Clive Griffiths,Centre-Back,Wales,"Jan 22, 1955",First Team/Youth Teams
Garth Crooks,Centre-Forward,England,"Mar 10, 1958",First Team
Alan Davies,Right Winger,Wales,"Dec 5, 1961",First Team/Reserves Team
Giuliano Maiorana,Left Winger,England,"Apr 18, 1969",First Team
Bert Whalley,Midfielder,England,"Aug 6, 1913",First Team
Lance Richardson,Goalkeeper,England,"Apr 1, 1899",First Team
Frank Knowles,Defender,England,"May 1, 1891",First Team
Dick Holden,Defender,England,"Jun 12, 1885",First Team
Vince Hayes,Defender,England,"Mar 24, 1879",First Team
Cliff Collinson,Goalkeeper,England,"Mar 3, 1920",First Team
Jimmy Bannister,Right Midfield,England,"Sep 20, 1880",First Team
John Hodge,Right-Back,Scotland,-,First Team
Arthur Warburton,Right Winger,England,"Sep 10, 1909",First Team
Norman Tapken,Goalkeeper,England,"Feb 21, 1914",First Team
Frank Haydock,Defender,England,"Nov 29, 1940",First Team
Steve Paterson,Centre-Back,Scotland,"Apr 8, 1958",First Team
Mark Higgins,Centre-Back,England,"Sep 29, 1958",First Team
Faustin Makela,Right Winger,England,"Jun 1, 1999",Reserves Team/Youth Teams
Callum Gribbin,Attacking Midfield,England,"Dec 18, 1998",Reserves Team/Youth Teams
Theo Richardson,Goalkeeper,England,"Oct 6, 1998",Reserves Team/Youth Teams
Marcus Lawrence,Right-Back,England,"Jun 24, 2005",Reserves Team/Youth Teams
Samuel Hopkinson,Centre-Forward,England,"Feb 9, 1903",First Team
Billy Porter,Left-Back,England,"Jul 15, 1905",First Team
Joe Norton,Striker,England,"Jan 26, 1888",First Team
Harry Worrall,Defender,England,"Nov 19, 1918",First Team
Bill Fielding,Goalkeeper,England,"Jun 17, 1915",First Team
Jayden Ngwashi,Centre-Back,Italy,"Sep 21, 2008",Reserves Team/Youth Teams
Hugh Edmonds,Goalkeeper,Scotland,"Jan 1, 1887",First Team
Patrick O'Connell,Midfielder,Ireland,"Mar 8, 1887",First Team
George Mutch,Striker,Scotland,"Sep 21, 1912",First Team
George Buchan,Right Winger,Scotland,"May 2, 1950",First Team
James Brown,Midfielder,Scotland,"Jun 24, 1906",First Team
Jack Hall,Goalkeeper,England,"Oct 23, 1912",First Team
Chris Taylor,Striker,England,"Oct 18, 1899",First Team
Eric Sweeney,Striker,England,"Oct 3, 1905",First Team
Joe Myerscough,Striker,England,"Aug 8, 1893",First Team
Arthur Potts,Striker,England,"May 26, 1888",First Team
Oscar Linkson,Defender,England,"Mar 16, 1888",First Team
Tony Donnelly,Defender,England,-,First Team
Herbert Burgess,Centre-Back,England,"Feb 25, 1883",First Team
Jack Picken,Striker,Scotland,"Jan 1, 1880",First Team
Jackie Sheldon,Right Winger,England,"Feb 11, 1888",First Team
George Livingstone,Central Midfield,Scotland,"May 5, 1876",First Team
Tommy Boyle,Centre-Forward,England,"Feb 27, 1901",First Team
Harry Baird,Midfielder,Ireland,"Aug 17, 1913",First Team
Charlie Craven,Second Striker,England,"Dec 2, 1909",First Team
Laurie Cassidy,Second Striker,England,"Mar 10, 1923",First Team
Mike Pinner,Goalkeeper,England,"Feb 16, 1934",First Team
Ian Donald,Right-Back,Scotland,"Nov 28, 1951",First Team
Arnold Sidebottom,Centre-Back,England,"Apr 1, 1954",First Team
Paul Bielby,Left Winger,England,"Nov 24, 1956",First Team/Youth Teams
Jack Ball,Centre-Forward,England,"Sep 13, 1907",First Team
William Robertson,Midfielder,Scotland,"Apr 20, 1907",First Team
Arthur Lochhead,Centre-Forward,Scotland,"Dec 8, 1897",First Team
Richard Gibson,Striker,England,"Feb 1, 1889",First Team
Frank Hodges,Right Winger,England,"Jan 20, 1891",First Team
Sam Blott,Striker,England,"Jun 19, 1886",First Team
Alex Downie,Midfielder,Scotland,"Oct 8, 1876",First Team
Alec Menzies,Midfielder,Scotland,"Nov 25, 1882",First Team
Berry Brown,Goalkeeper,England,"Sep 6, 1927",First Team
Louie Bradbury,Centre-Forward,Wales,"Sep 16, 2008",Youth Teams
JJ Gabriel,Centre-Forward,England,"Oct 6, 2010",Youth Teams
Tom Nuttall,Centre-Forward,England,"Feb 1, 1889",First Team
Tommy Meehan,Midfielder,England,"Aug 1, 1896",First Team
Wilf Woodcock,Second Striker,England,"Feb 15, 1892",First Team
Neil McBain,Defensive Midfield,Scotland,"Nov 15, 1895",First Team
Billy Harrison,Striker,England,"Dec 27, 1886",First Team
Walter Winterbottom,Centre-Back,England,"Jan 31, 1913",First Team
Jackie Scott,Right Winger,Northern Ireland,"Dec 22, 1933",First Team/Youth Teams
Tommy Heron,Left-Back,Scotland,"Mar 31, 1936",First Team
John Connaughton,Goalkeeper,England,"Sep 23, 1949",First Team/Reserves Team/Youth Teams
Alan Foggon,Left Winger,England,"Feb 23, 1950",First Team
Colin Waldron,Centre-Back,England,"Jun 22, 1948",First Team
Nicky Wood,Striker,England,"Jan 6, 1966",First Team/Youth Teams
Sekou Kaba,Centre-Forward,England,"Mar 28, 2007",Youth Teams
Harrison Parker,Centre-Back,England,"Sep 22, 2006",Youth Teams
Jack Hacking,Goalkeeper,England,"Dec 22, 1897",First Team
Tommy Frame,Centre-Back,Scotland,"Sep 5, 1902",First Team
William Stewart,Left Winger,Scotland,"Apr 24, 1910",First Team
Arthur Chesters,Goalkeeper,England,"Feb 14, 1910",First Team
Bill Inglis,Right-Back,Scotland,"Mar 2, 1894",First Team
Jack Scott,Defender,Scotland,"Jan 1, 1890",First Team
Tommy Forster,Midfielder,England,"Apr 1, 1894",First Team
Joe Haywood,Midfielder,England,"Apr 1, 1893",First Team
Tommy Gipps,Midfielder,England,"Jan 6, 1888",First Team
George Travers,Striker,England,"Jul 19, 1887",First Team
Arthur Thomson,Striker,England,"Jul 1, 1903",First Team
Tommy Dougan,Striker,Scotland,"Nov 22, 1915",First Team
Thomas Parker,Centre-Back,England,"Nov 22, 1906",First Team
Fred Erentz,Left-Back,Scotland,"Jun 10, 1870",First Team
Bob Bonthron,Centre-Back,Scotland,"Jul 14, 1880",First Team
Leslie Hofton,Centre-Back,England,"Mar 3, 1888",First Team
Bill Hunter,Second Striker,England,"Jul 28, 1887",First Team
George Hunter,Central Midfield,England,"Jun 2, 1885",First Team
Cyril Barlow,Right-Back,England,"Jan 22, 1889",First Team
Edward Hudson,Right-Back,England,"Jan 1, 1887",First Team
Ezra Royals,Goalkeeper,England,"Jan 1, 1882",First Team
Tom Miller,Centre-Forward,Scotland,"Jun 30, 1890",First Team
Neil Dewar,Striker,Scotland,"Nov 11, 1908",First Team
Ernie Hine,Striker,England,"Apr 9, 1901",First Team
Roy John,Goalkeeper,Wales,"Jan 29, 1911",First Team
Jackie Cape,Right Winger,England,"Nov 16, 1911",First Team
Thomas Bamford,Centre-Forward,Wales,"Nov 2, 1905",First Team
Joe Lancaster,Goalkeeper,England,"Apr 28, 1926",First Team
John Walton,Second Striker,England,"Mar 21, 1928",First Team
Gordon Clayton,Goalkeeper,England,"Nov 3, 1936",First Team/Youth Teams
Ron Davies,Centre-Forward,Wales,"Feb 25, 1942",First Team
Peter Coyne,Striker,England,"Nov 13, 1958",First Team/Youth Teams
Tom Connell,Left-Back,Northern Ireland,"Nov 25, 1957",First Team
Derek Brazil,Right-Back,Ireland,"Dec 14, 1968",First Team/Reserves Team
Paul Wratten,Striker,England,"Nov 29, 1970",First Team/Reserves Team
Ed McIlvenny,Midfielder,United States,"Oct 21, 1924",First Team
Ron Ferrier,Centre-Forward,England,"Apr 26, 1914",First Team
Reg Chester,Centre-Forward,England,"Nov 21, 1904",First Team
John Moody,Goalkeeper,England,"Nov 1, 1904",First Team
Ernest Vincent,Defensive Midfield,England,"Oct 28, 1910",First Team
Bill Ridding,Centre-Forward,England,"Apr 4, 1911",First Team
Len Langford,Goalkeeper,England,"May 30, 1899",First Team
Les Olive,Goalkeeper,England,"Apr 27, 1928",First Team
Frank Williams,Midfielder,England,"Feb 4, 1908",First Team
Charlie Radford,Defender,England,"Mar 19, 1900",First Team
George Sapsford,Striker,England,"Mar 10, 1896",First Team
Frank Harris,Defender,England,"Dec 17, 1899",First Team
James Montgomery,Midfielder,England,"Oct 12, 1890",First Team
Walter Spratt,Defender,England,"Apr 14, 1889",First Team
Jimmy Pegg,Goalkeeper,England,"Jan 4, 1926",First Team
Joe Dale,Midfielder,England,"Jul 3, 1921",First Team
Jimmy Bullock,Striker,England,"Mar 25, 1902",First Team
Frank Barrett,Goalkeeper,Scotland,"Aug 2, 1872",First Team
Bob Donaldson,Striker,Scotland,"Aug 27, 1868",First Team
Joe Cassidy,Striker,Scotland,"Jul 30, 1872",First Team
William Bryant,Striker,England,"Jan 1, 1874",First Team
Caesar Jenkyns,Centre-Back,Wales,"Aug 24, 1866",First Team
Henry Boyd,Striker,Scotland,"Apr 29, 1869",First Team
Walter Cartwright,Midfielder,England,"Jan 1, 1871",First Team
James McNaught,Midfielder,Scotland,"Jun 8, 1870",First Team
Edward Ibrovic-Fletcher,Attacking Midfield,Serbia,"Sep 26, 2008",Youth Teams
Jariyah Shah,Central Midfield,England,"May 25, 2009",Youth Teams
Noah Ajayi,Left Winger,England,"Nov 23, 2008",Reserves Team/Youth Teams
Jock Peddie,Centre-Forward,Scotland,"Mar 3, 1877",First Team
Ted Dalton,Left-Back,England,"Apr 1, 1882",First Team/Reserves Team
Joe Curry,Central Midfield,England,"Jan 1, 1887",First Team
Thomas Homer,Centre-Forward,England,"Apr 1, 1886",First Team
Freddy Capper,Left Winger,England,"May 8, 1892",First Team
Arthur Hooper,Centre-Forward,England,"Dec 5, 1888",First Team
Tom Chorlton,Left-Back,England,"Apr 9, 1880",First Team
Elijah Round,Goalkeeper,England,"Jan 1, 1882",First Team
James Robinson,Left Winger,Northern Ireland,"Jan 8, 1899",First Team
Ron Haworth,Second Striker,England,"Mar 10, 1901",First Team
James Bain,Central Midfield,Scotland,"Feb 6, 1899",First Team
Tommy Jones,Right Winger,Wales,"Dec 6, 1909",First Team
Tommy Lang,Left Winger,Scotland,"Apr 3, 1906",First Team
Walter McMillen,Defender,Northern Ireland,"Nov 24, 1913",First Team
Ted Savage,Central Midfield,England,"Nov 30, 1911",First Team
Walter Whitehurst,Midfielder,England,"Jun 7, 1934",First Team
Tony Hawksworth,Goalkeeper,England,"Jan 15, 1938",First Team/Youth Teams
Peter Jones,Right-Back,England,"Nov 30, 1937",First Team/Youth Teams
Reg Hunter,Left Winger,Wales,"Oct 25, 1938",First Team
Dennis Walker,Defender,England,"Oct 26, 1944",First Team
Wilf Tranter,Centre-Back,England,"Mar 5, 1945",First Team/Youth Teams
Jonathon Clark,Midfielder,Wales,"Nov 12, 1958",First Team
Martyn Rogers,Right-Back,England,"Jan 26, 1960",First Team/Youth Teams
Mark Dempsey,Midfielder,England,"Jan 14, 1964",First Team/Youth Teams
Calen Gallagher-Allison,Centre-Back,England,"Oct 23, 2002",Youth Teams
Oliver Kilner,Centre-Back,England,"Mar 27, 2004",Youth Teams
Nehemiah Oriola,Left Winger,England,"Jun 11, 2007",Youth Teams
Siem Eyob-Abraha,Centre-Forward,Eritrea,"Mar 1, 2008",Youth Teams
Jim Brown,Striker,United States,"Dec 31, 1908",First Team
Mason Cotcher,Centre-Forward,England,"Sep 4, 2006",Youth Teams
Jacob Lara,Centre-Back,England,"Oct 1, 2004",Youth Teams
Robert Murray,Striker,Scotland,"Mar 27, 1915",First Team
Alf Ainsworth,Second Striker,England,"Jul 31, 1913",First Team
Herbert Heywood,Right Winger,England,"Jan 1, 1913",First Team
Robert Green,Centre-Forward,England,-,First Team
James McCrae,Defensive Midfield,Scotland,"Sep 2, 1894",First Team
Dick Gardner,Midfielder,England,"Dec 22, 1913",First Team
William Chalmers,Defender,Scotland,"Mar 5, 1907",First Team
Bill Owen,Left Winger,England,"Sep 17, 1906",First Team
Billy Boyd,Striker,Scotland,"Nov 27, 1905",First Team
James William Kelly,Midfielder,England,"May 2, 1957",First Team
Billy Chapman,Striker,England,"Sep 21, 1902",First Team
Tommy Harris,Striker,England,"Sep 18, 1905",First Team
Bill Henderson,Striker,Scotland,"Jan 1, 1898",First Team
Pat Kennedy,Defender,Ireland,"Oct 9, 1934",First Team
George Bissett,Striker,Scotland,"Jan 25, 1896",First Team
Sam Cookson,Right-Back,England,"Jan 1, 1896",First Team
Noel McFarlane,Midfielder,Ireland,"Dec 20, 1934",First Team
William Redman,Defender,England,"Jan 29, 1928",First Team
Alf Schofield,Striker,England,"Jul 10, 1876",First Team
Bill Berry,Striker,England,"Jul 1, 1882",First Team
Ernie Thompson,Striker,England,"Jun 21, 1909",First Team
Joe Ford,Striker,England,"May 7, 1886",First Team
Len Bradbury,Striker,England,"Jul 1, 1914",First Team
Harry Williams,Striker,England,"Jan 1, 1883",First Team
Harry Stafford,Defender,England,"Nov 29, 1869",First Team
Dick Smith,Striker,England,-,First Team
Billy Draycott,Midfielder,England,"Feb 15, 1869",First Team
Matt Gillespie,Striker,Scotland,"Dec 24, 1869",First Team
Charlie Ramsden,Striker,England,"Dec 12, 1902",First Team
Fred Heath,Goalkeeper,England,"Sep 25, 2007",Youth Teams
Rafe McCormack,Central Midfield,England,"Dec 14, 2008",Youth Teams
Neithan Barbosa,Right Winger,Portugal,"Dec 6, 2008",Youth Teams
Jay McEvoy,Defensive Midfield,Ireland,"Oct 16, 2008",Youth Teams
Joe Williams,Right-Back,Wales,"Sep 14, 2009",Youth Teams
Alfie Walker,Central Midfield,Wales,"Sep 3, 2009",Youth Teams
Douka Abdoulaye,Left Winger,Cameroon,"Sep 27, 2010",Youth Teams
Jacob Watson,Centre-Back,England,"May 16, 2009",Youth Teams
Harlem McLaughlin,Central Midfield,Scotland,"Oct 30, 2009",Youth Teams
Connor Thorley,Left-Back,Wales,"Sep 26, 2008",Youth Teams
Silva Mexes,Left Winger,Thailand,"Mar 15, 2010",Youth Teams
Darlington Osuchukwu,Goalkeeper,England,"Nov 18, 2009",Youth Teams
Joe Deighton,Centre-Back,Wales,"Nov 5, 2010",Youth Teams
Camron Mpofu,Centre-Forward,Scotland,-,Youth Teams
Robert Beckett,Goalkeeper,England,-,First Team
Jimmy Stanton,Centre-Back,England,"Nov 18, 1860",First Team
Edward Howles,Centre-Back,England,-,First Team
Aaron Longton,Centre-Back,England,-,First Team
Di Jones,Defender,Wales,"Feb 11, 1867",First Team
Heber Davies,Centre-Forward,Wales,-,First Team
John Mitchell,Defender,England,"Apr 1, 1861",First Team
John Earp,Right Midfield,England,"Jan 1, 1860",First Team
Tom Hay,Goalkeeper,England,"Jul 1, 1858",First Team
Joe Davies,Midfielder,Wales,"Jul 12, 1864",First Team
Tom Burke,Midfielder,Wales,"Dec 31, 1863",First Team
Edgar Wilson,Left Midfield,England,-,First Team
George Owen,Striker,Wales,"Apr 10, 1865",First Team
James Gotheridge,Left Winger,England,"Apr 24, 1863",First Team
Thomas Craig,Centre-Forward,England,-,First Team
Jack Powell,Defender,Wales,"Mar 25, 1860",First Team
Jack Owen,Left Midfield,Wales,"Apr 4, 1865",First Team
Jack Doughty,Centre-Forward,Wales,"Oct 1, 1865",First Team
Alf Farman,Right Winger,England,"Apr 25, 1869",First Team
John McCartney,Centre-Back,Scotland,"Jan 1, 1866",First Team
John Cunningham,Second Striker,Scotland,"Jan 1, 1868",First Team
Stockport Smith,Right Winger,England,"Jan 1, 1874",First Team
Fred Williams,Striker,England,"Jan 1, 1873",First Team
Herbert Rothwell,Defender,England,"Feb 28, 1877",First Team
John Sutcliffe,Goalkeeper,England,"Apr 14, 1868",First Team
Tommy Robertson,Left Winger,Scotland,"Oct 17, 1876",First Team
Frank Buckley,Defender,England,"Oct 3, 1882",First Team
Harold Hardman,Striker,England,"Apr 4, 1882",First Team
George Albinson,Central Midfield,England,"Feb 14, 1897",First Team/Reserves Team
Albert Pape,Centre-Forward,England,"Jul 13, 1897",First Team
Dick Duckworth,Defender,England,"Jun 6, 1906",First Team
Charlie Hannaford,Centre-Forward,England,"Jan 8, 1896",First Team
Louis Page,Left Winger,England,"Mar 27, 1899",First Team
David Byrne,Centre-Forward,Ireland,"Apr 28, 1905",First Team
George Nevin,Right-Back,England,"Dec 16, 1907",First Team
Billy Behan,Goalkeeper,Ireland,"Aug 8, 1911",First Team
Alec Gaskell,Centre-Forward,England,"Jul 30, 1932",First Team
Jackie Mooney,Centre-Forward,Ireland,"Jan 1, 1938",First Team
Bob Hardisty,Striker,England,"Dec 1, 1921",First Team
Albert Kinsley,Striker,England,"Sep 19, 1945",First Team
Ray Baartz,Striker,Australia,"Mar 6, 1947",First Team
Barney Daniels,Striker,England,"Nov 24, 1950",First Team/Youth Teams
Victor Hooks,Striker,Northern Ireland,"Jul 4, 1955",First Team/Youth Teams
Peter Abbott,Centre-Forward,England,"Oct 1, 1953",First Team/Youth Teams
Ray O'Brien,Left-Back,Ireland,"May 21, 1951",First Team
Oshor Williams,Right Winger,England,"Apr 21, 1958",First Team
Gary Micklewhite,Central Midfield,England,"Mar 21, 1961",First Team/Youth Teams
Mark Todd,Midfielder,Northern Ireland,"Dec 4, 1967",First Team/Youth Teams
Alan McLoughlin,Central Midfield,Ireland,"Apr 20, 1967",First Team
Joe Hanrahan,Central Midfield,Ireland,"Mar 21, 1964",First Team
Andy Comyn,Centre-Back,England,"Aug 2, 1968",First Team/Youth Teams
Andy Rammell,Striker,England,"Feb 10, 1967",First Team
John Sharples,Defender,England,"Jan 26, 1973",First Team/Youth Teams
Ian Wilkinson,Goalkeeper,England,"Jul 2, 1973",First Team/Reserves Team
Kieran Toal,Midfielder,Ireland,"Dec 14, 1971",First Team/Reserves Team
Andy Arnott,Defensive Midfield,England,"Oct 18, 1973",First Team
Graeme Tomlinson,Centre-Forward,England,"Dec 10, 1975",First Team
Jody Banim,Central Midfield,England,"Apr 1, 1978",First Team/Youth Teams
Robert Trees,Right Midfield,England,"Dec 18, 1977",First Team/Youth Teams
Stuart Brightwell,Right Midfield,England,"Jan 31, 1979",First Team/Youth Teams
Andrew Taylor,Midfielder,England,"Sep 17, 1982",First Team
Kalam Mooniaruck,Striker,England,"Nov 22, 1983",First Team
Danny Byrne,Defender,Ireland,"Nov 30, 1984",First Team/Youth Teams
Michael Barnes,Left Midfield,England,"Jun 24, 1988",First Team
Scott Moffatt,Right-Back,England,"Dec 7, 1990",First Team/Reserves Team/Youth Teams
Arthur Rowley,Second Striker,England,"Apr 21, 1926",Reserves Team/Youth Teams
Eric Bell,Central Midfield,England,"Nov 27, 1929",Reserves Team/Youth Teams
Bryce Fulton,Left-Back,Scotland,"Aug 7, 1935",Reserves Team/Youth Teams
Dennis Fidler,Left Winger,England,"Jun 22, 1938",Reserves Team/Youth Teams
Hugh Curran,Centre-Forward,Scotland,"Sep 25, 1943",Youth Teams
Bobby Smith,Centre-Forward,England,"Mar 14, 1944",Reserves Team/Youth Teams
Albert Kinsey,Centre-Forward,England,"Sep 16, 1945",Reserves Team/Youth Teams
Terry Poole,Goalkeeper,England,"Dec 16, 1949",Reserves Team/Youth Teams
Peter O'Sullivan,Left Winger,Wales,"Mar 4, 1951",First Team/Reserves Team/Youth Teams
Tony Whelan,Centre-Forward,England,"Nov 20, 1952",Reserves Team/Youth Teams
Kevin Lewis,Centre-Back,England,"Sep 25, 1952",Reserves Team/Youth Teams
Ray Mountford,Goalkeeper,England,"Apr 28, 1958",Reserves Team/Youth Teams
Paul Bowles,Centre-Back,England,"May 31, 1957",Youth Teams
Danny Keough,Defensive Midfield,England,"Jan 31, 1963",Reserves Team/Youth Teams
Martin Lane,Left-Back,England,"Apr 12, 1961",Reserves Team/Youth Teams
Shaun Lowther,Right-Back,Canada,"Jan 24, 1962",Youth Teams
Phil Hughes,Goalkeeper,Northern Ireland,"Nov 19, 1964",Youth Teams
Paul McGuinness,Midfielder,England,"Mar 2, 1966",Reserves Team/Youth Teams
Pat Kelch,Left-Back,Ireland,"May 5, 1966",Youth Teams
Derek Murray,Midfielder,Ireland,"Nov 29, 1965",Youth Teams
Aidan Murphy,Central Midfield,England,"Sep 17, 1967",Reserves Team/Youth Teams
Sean McAuley,Defender,England,"Jun 23, 1972",Reserves Team/Youth Teams
Darren Whitmarsh,Goalkeeper,Ireland,-,Youth Teams
Paul Teather,Midfielder,England,"Dec 26, 1977",First Team/Reserves Team/Youth Teams
David Brown,Striker,England,"Oct 2, 1978",Reserves Team/Youth Teams
Ashley Dodd,Central Midfield,England,"Jan 7, 1982",Reserves Team/Youth Teams
Kalam Mooniaruk,Right Midfield,Mauritius,"Nov 22, 1983",Reserves Team/Youth Teams
Massude Daúde,Central Midfield,Mozambique,"Mar 7, 1991",Youth Teams
Bradley Robinson,Attacking Midfield,England,"May 24, 1993",Youth Teams
Nick Meace,Centre-Back,England,"Sep 10, 1990",Youth Teams
Alan Smith,Left Winger,England,"Jan 2, 1988",Youth Teams
Danny Rowe,Centre-Forward,England,"Jan 29, 1989",Youth Teams
Michael Potts,Central Midfield,England,"Nov 26, 1991",Youth Teams
Antonio Bryan,Striker,England,"Oct 4, 1989",Reserves Team/Youth Teams
Izet Zahirovic,Striker,Ireland,"Oct 21, 1991",Youth Teams
Okoro Osagepamwen,Midfielder,Nigeria,"Dec 1, 1989",Youth Teams
Kenny Strickland,Right-Back,England,"Oct 10, 1990",Youth Teams
Liam Jacob,Goalkeeper,Australia,"Aug 18, 1994",Reserves Team/Youth Teams
Joseph Coll,Goalkeeper,Ireland,"Feb 2, 1994",Reserves Team/Youth Teams
Rico Gomes,Right Winger,Portugal,"Jan 13, 1993",Youth Teams
Jonathan Sutherland,Goalkeeper,England,"Sep 3, 1994",Reserves Team/Youth Teams
Matthew Wilkinson,Centre-Back,England,"Jan 13, 1995",Reserves Team/Youth Teams
Jack Rudge,Central Midfield,England,"Nov 15, 1994",Reserves Team/Youth Teams
Louis Rowley,Left-Back,England,"Apr 21, 1995",Reserves Team/Youth Teams
Rhain Davis,Central Midfield,Australia,"Oct 15, 1997",Youth Teams
Connor Tagoe,Central Midfield,England,"Mar 18, 1994",Youth Teams
Ben Barber,Left-Back,England,"Sep 8, 1995",Youth Teams
George Dorrington,Goalkeeper,England,"Jun 17, 1997",Reserves Team/Youth Teams
Joshua Doughty,Midfielder,Canada,"Apr 8, 1997",Reserves Team/Youth Teams
Ogo Obi,Centre-Forward,England,"May 7, 1998",Youth Teams
Daniel Polakowski,Goalkeeper,Poland,"Oct 25, 2003",Reserves Team/Youth Teams
Jack Mansell,Left-Back,England,"Aug 22, 1927",Reserves Team
Don Wilson,Right-Back,England,"Jun 4, 1930",Reserves Team
Eamon Dunphy,Central Midfield,Ireland,"Aug 3, 1945",First Team/Reserves Team
Vinnie McCarthy,Midfielder,Scotland,"Sep 27, 1958",Reserves Team
Geoff Hunter,Midfielder,England,"Oct 27, 1959",Reserves Team
David Jeffrey,Midfielder,Northern Ireland,"Oct 28, 1962",Reserves Team
Gary Worthington,Striker,England,"Nov 10, 1966",Reserves Team
Karl Goddard,Left-Back,England,"Dec 29, 1967",Reserves Team
Neil Mustoe,Midfielder,England,"Nov 5, 1976",Reserves Team
Ross Greenwood,Centre-Back,England,"Nov 1, 1985",Reserves Team
Rafael Leão,Left-Back,Brazil,"Apr 6, 1993",Reserves Team
Paul Woolston,Goalkeeper,England,"Aug 14, 1998",Reserves Team
Kie Plumley,Goalkeeper,England,"Sep 5, 2003",Reserves Team
Ntumba Massanka,Centre-Forward,England,"Nov 30, 1996",Youth Teams
Omar Thompson,Midfielder,United States,"Jul 16, 1995",Youth Teams
Ben Pierce,Goalkeeper,England,"Sep 28, 1998",Youth Teams
Vashiko Dixon,Right-Back,England,"Sep 4, 1998",Youth Teams
Izac Khan,Left-Back,England,"Apr 19, 2006",Youth Teams
Venâncio Monteiro,Left Winger,Portugal,"Sep 5, 1999",Youth Teams
Seppe Boonen,Central Midfield,Belgium,"Feb 4, 2001",Youth Teams
Remi Thompson,Central Midfield,England,"Jun 1, 2002",Youth Teams
Sam Allardyce,Centre-Back,England,"Sep 1, 2000",Youth Teams
George Wyatt,Centre-Back,England,"Aug 29, 2003",Youth Teams
Kieron Ceesay,Striker,England,"May 25, 2001",Youth Teams
Levent Gundogan,Centre-Forward,Wales,"Mar 16, 2003",Youth Teams
Kade Ratchford,Central Midfield,England,"Oct 26, 2003",Youth Teams
Michael Elechi,Left-Back,England,"Oct 10, 2001",Youth Teams
Hayden Smethurst,Defender,England,"Feb 16, 2002",Youth Teams
Ben Pleavin,Central Midfield,England,"Oct 11, 2002",Youth Teams
Rocco Fregapane,Centre-Back,England,"Apr 24, 2003",Youth Teams
Alfie Hughes,Left Winger,England,"Oct 6, 2002",Youth Teams
Aymen Al-Chelabi,Goalkeeper,England,-,Youth Teams
Tobi Harley,Central Midfield,England,"Oct 12, 2006",Youth Teams
George Walters,Left Winger,Wales,"Feb 5, 2004",Youth Teams
Jahmari Lindsay,Left-Back,England,"Sep 25, 2004",Youth Teams
Kamil Maciag,Centre-Forward,Poland,"Oct 9, 2004",Youth Teams
Junior Nkwonta,Right-Back,Nigeria,"Jun 4, 2003",Youth Teams
Jamie Noreci,Midfielder,Albania,"Sep 6, 2007",Youth Teams
Ethan Hull,Right Winger,England,"Jan 5, 2005",Youth Teams
Charlie Veevers,Central Midfield,England,"Feb 13, 2005",Youth Teams
Mylan Benjamin,Left Winger,Montserrat,"Sep 21, 2004",Youth Teams
Pharrell Brown,Attacking Midfield,England,"Aug 31, 2005",Youth Teams
Paige Wilding,Centre-Forward,Wales,"Jul 18, 2005",Youth Teams
Hamzat Balogun,Right-Back,England,"Jun 1, 2005",Youth Teams
Cristiano Júnior,Left Winger,Portugal,"Jun 17, 2010",Youth Teams
Toby Oliver,Central Midfield,England,"Sep 18, 2005",Youth Teams
Harry Campbell,Goalkeeper,England,"Nov 14, 2005",Youth Teams
Zach Giggs,Right-Back,Wales,"Oct 1, 2006",Youth Teams
Aidan Higgins,Attacking Midfield,Wales,"Jan 20, 2007",Youth Teams
Felix Chester,Goalkeeper,England,"Oct 23, 2006",Youth Teams
Adam Abbas,Striker,England,"Feb 24, 2007",Youth Teams
Luca Scanlon,Attacking Midfield,Gibraltar,"Jul 13, 2009",Youth Teams
Majid Balogun,Striker,England,"Mar 10, 2008",Youth Teams
Freddie Freedman,Centre-Back,England,"Oct 5, 2007",Youth Teams
Nathaniel Mapengu,Centre-Back,England,"Sep 9, 2007",Youth Teams
John Anderson,Midfielder,Northern Ireland,"Dec 1, 1944",First Team
Kelechi Kalu,Midfielder,Nigeria,"Nov 21, 1999",Youth Teams
Sam Sebagabo,Central Midfield,Netherlands,"Sep 14, 2004",Youth Teams
Oliver Bray,Centre-Forward,England,"Jun 3, 2003",Reserves Team
Ryan Ford,Midfielder,England,"Sep 3, 1978",First Team
Charlie Harrison,Goalkeeper,England,"Sep 25, 1861",First Team
